user_id,plan_type,monthly_price,subscription_date,churned,churn_date
U00002,Basic,19,2025-06-14,Yes,2025-07-22
U00003,Basic,19,2025-04-24,No,
U00008,Basic,19,2025-02-24,Yes,2025-05-05
U00009,Pro,49,2025-04-21,Yes,2025-05-13
U00010,Pro,49,2025-06-17,Yes,2025-08-12
U00012,Basic,19,2025-01-13,Yes,2025-03-19
U00013,Enterprise,99,2025-03-27,No,
U00021,Basic,19,2025-02-12,No,
U00026,Pro,49,2025-04-04,No,
U00031,Enterprise,99,2025-04-22,No,
U00034,Pro,49,2025-06-23,No,
U00035,Pro,49,2025-04-21,No,
U00036,Pro,49,2025-05-26,Yes,2025-08-08
U00039,Basic,19,2025-05-19,No,
U00044,Basic,19,2025-02-05,Yes,2025-02-24
U00046,Pro,49,2025-01-22,Yes,2025-03-23
U00051,Pro,49,2025-04-13,Yes,2025-07-08
U00052,Pro,49,2025-04-28,No,
U00053,Basic,19,2025-01-26,Yes,2025-04-23
U00054,Basic,19,2025-03-29,Yes,2025-06-18
U00056,Enterprise,99,2025-07-03,No,
U00063,Pro,49,2025-04-17,No,
U00068,Pro,49,2025-03-07,No,
U00070,Pro,49,2025-01-09,Yes,2025-02-12
U00071,Basic,19,2025-05-01,No,
U00074,Basic,19,2025-02-12,Yes,2025-05-05
U00075,Pro,49,2025-04-17,No,
U00076,Enterprise,99,2025-03-16,No,
U00077,Basic,19,2025-05-21,Yes,2025-06-29
U00081,Enterprise,99,2025-04-21,Yes,2025-06-10
U00082,Pro,49,2025-06-06,No,
U00087,Pro,49,2025-01-16,No,
U00088,Pro,49,2025-06-28,Yes,2025-08-10
U00089,Enterprise,99,2025-03-09,Yes,2025-05-26
U00092,Pro,49,2025-02-24,No,
U00093,Basic,19,2025-06-01,No,
U00095,Pro,49,2025-02-17,Yes,2025-04-02
U00102,Enterprise,99,2025-06-27,No,
U00105,Pro,49,2025-04-19,Yes,2025-05-09
U00108,Basic,19,2025-03-17,Yes,2025-04-28
U00113,Enterprise,99,2025-04-05,No,
U00114,Pro,49,2025-02-22,Yes,2025-04-06
U00115,Pro,49,2025-06-20,Yes,2025-07-16
U00116,Enterprise,99,2025-07-07,Yes,2025-09-19
U00117,Pro,49,2025-03-27,No,
U00119,Enterprise,99,2025-02-01,Yes,2025-04-01
U00121,Enterprise,99,2025-04-10,No,
U00122,Enterprise,99,2025-04-15,Yes,2025-05-02
U00127,Basic,19,2025-07-03,No,
U00128,Pro,49,2025-01-27,No,
U00135,Basic,19,2025-03-20,Yes,2025-05-30
U00138,Enterprise,99,2025-06-18,No,
U00140,Pro,49,2025-06-28,Yes,2025-09-18
U00141,Enterprise,99,2025-04-11,No,
U00147,Basic,19,2025-06-18,Yes,2025-07-24
U00151,Basic,19,2025-03-28,No,
U00155,Pro,49,2025-01-05,No,
U00157,Pro,49,2025-05-08,Yes,2025-06-28
U00158,Enterprise,99,2025-06-08,No,
U00160,Enterprise,99,2025-05-25,No,
U00162,Pro,49,2025-04-29,Yes,2025-07-11
U00163,Pro,49,2025-01-12,No,
U00166,Basic,19,2025-02-04,No,
U00171,Pro,49,2025-04-23,No,
U00175,Pro,49,2025-02-13,No,
U00177,Basic,19,2025-06-14,Yes,2025-07-13
U00179,Basic,19,2025-04-07,No,
U00183,Basic,19,2025-06-11,Yes,2025-07-19
U00184,Enterprise,99,2025-03-31,No,
U00186,Pro,49,2025-02-17,Yes,2025-05-12
U00187,Enterprise,99,2025-03-10,Yes,2025-04-11
U00192,Basic,19,2025-06-28,Yes,2025-08-23
U00193,Basic,19,2025-03-28,Yes,2025-05-15
U00194,Basic,19,2025-04-16,No,
U00197,Pro,49,2025-04-17,No,
U00198,Basic,19,2025-07-02,No,
U00199,Enterprise,99,2025-04-18,No,
U00200,Basic,19,2025-02-20,Yes,2025-04-11
U00201,Enterprise,99,2025-04-14,No,
U00204,Basic,19,2025-06-17,No,
U00205,Enterprise,99,2025-04-08,No,
U00208,Enterprise,99,2025-06-20,No,
U00212,Pro,49,2025-03-13,No,
U00213,Basic,19,2025-06-09,Yes,2025-07-27
U00215,Basic,19,2025-05-29,Yes,2025-07-18
U00218,Pro,49,2025-06-22,No,
U00219,Basic,19,2025-04-19,No,
U00220,Enterprise,99,2025-02-03,Yes,2025-04-07
U00221,Pro,49,2025-03-03,Yes,2025-04-17
U00227,Pro,49,2025-04-21,No,
U00229,Pro,49,2025-05-01,No,
U00230,Pro,49,2025-05-20,Yes,2025-06-06
U00231,Enterprise,99,2025-05-25,No,
U00236,Basic,19,2025-04-30,Yes,2025-06-08
U00239,Pro,49,2025-02-10,Yes,2025-04-18
U00241,Enterprise,99,2025-02-17,No,
U00242,Basic,19,2025-06-10,No,
U00243,Basic,19,2025-06-05,Yes,2025-06-23
U00246,Pro,49,2025-02-20,Yes,2025-04-27
U00248,Basic,19,2025-06-30,No,
U00249,Pro,49,2025-03-04,Yes,2025-05-18
U00250,Enterprise,99,2025-03-01,Yes,2025-03-25
U00253,Pro,49,2025-06-08,Yes,2025-08-28
U00257,Basic,19,2025-02-26,No,
U00258,Pro,49,2025-04-12,No,
U00261,Basic,19,2025-06-09,Yes,2025-07-01
U00262,Pro,49,2025-06-26,Yes,2025-08-17
U00265,Pro,49,2025-03-11,Yes,2025-05-01
U00266,Basic,19,2025-02-09,No,
U00267,Basic,19,2025-04-15,No,
U00268,Pro,49,2025-06-16,No,
U00271,Basic,19,2025-01-10,No,
U00272,Pro,49,2025-01-12,Yes,2025-02-16
U00273,Pro,49,2025-01-26,Yes,2025-03-18
U00274,Pro,49,2025-05-03,No,
U00277,Basic,19,2025-06-17,No,
U00278,Basic,19,2025-06-26,Yes,2025-08-16
U00279,Enterprise,99,2025-02-23,Yes,2025-03-27
U00280,Enterprise,99,2025-01-27,No,
U00281,Basic,19,2025-05-17,Yes,2025-07-11
U00293,Basic,19,2025-05-16,Yes,2025-07-05
U00297,Enterprise,99,2025-04-07,Yes,2025-06-07
U00299,Enterprise,99,2025-03-08,Yes,2025-04-09
U00304,Pro,49,2025-01-29,No,
U00305,Pro,49,2025-06-13,Yes,2025-08-15
U00306,Enterprise,99,2025-01-23,Yes,2025-04-16
U00309,Enterprise,99,2025-03-12,No,
U00314,Basic,19,2025-05-20,No,
U00315,Pro,49,2025-03-25,Yes,2025-05-23
U00316,Basic,19,2025-02-04,No,
U00322,Basic,19,2025-05-28,No,
U00323,Basic,19,2025-01-11,Yes,2025-03-10
U00325,Enterprise,99,2025-01-28,Yes,2025-03-31
U00326,Basic,19,2025-01-09,Yes,2025-03-23
U00328,Enterprise,99,2025-01-18,No,
U00332,Basic,19,2025-02-20,Yes,2025-04-24
U00337,Enterprise,99,2025-03-21,No,
U00338,Pro,49,2025-05-08,No,
U00346,Enterprise,99,2025-04-06,Yes,2025-05-27
U00347,Enterprise,99,2025-04-10,Yes,2025-06-03
U00350,Basic,19,2025-03-24,No,
U00352,Basic,19,2025-01-23,Yes,2025-04-16
U00353,Pro,49,2025-05-15,Yes,2025-06-13
U00356,Pro,49,2025-05-21,No,
U00359,Enterprise,99,2025-05-23,No,
U00362,Basic,19,2025-06-02,No,
U00365,Enterprise,99,2025-03-19,No,
U00367,Basic,19,2025-06-05,No,
U00368,Pro,49,2025-07-03,Yes,2025-09-14
U00374,Pro,49,2025-05-17,No,
U00377,Basic,19,2025-01-29,No,
U00379,Basic,19,2025-06-27,Yes,2025-07-14
U00382,Basic,19,2025-01-15,No,
U00383,Basic,19,2025-02-21,No,
U00384,Pro,49,2025-06-22,No,
U00385,Pro,49,2025-06-09,No,
U00386,Pro,49,2025-02-08,No,
U00389,Enterprise,99,2025-02-02,Yes,2025-05-02
U00390,Enterprise,99,2025-04-25,Yes,2025-06-05
U00391,Enterprise,99,2025-06-03,Yes,2025-08-24
U00394,Basic,19,2025-04-10,Yes,2025-06-30
U00396,Enterprise,99,2025-07-09,No,
U00397,Pro,49,2025-02-17,Yes,2025-05-12
U00399,Basic,19,2025-01-20,Yes,2025-03-18
U00400,Pro,49,2025-06-03,Yes,2025-08-31
U00402,Pro,49,2025-02-18,Yes,2025-03-27
U00404,Pro,49,2025-06-27,Yes,2025-08-14
U00406,Enterprise,99,2025-05-29,No,
U00409,Pro,49,2025-07-07,Yes,2025-10-01
U00412,Enterprise,99,2025-02-03,No,
U00413,Enterprise,99,2025-04-04,Yes,2025-06-03
U00415,Basic,19,2025-06-06,Yes,2025-08-21
U00419,Enterprise,99,2025-02-14,Yes,2025-03-08
U00420,Enterprise,99,2025-05-12,Yes,2025-06-21
U00421,Basic,19,2025-05-21,Yes,2025-07-20
U00422,Enterprise,99,2025-04-27,No,
U00428,Enterprise,99,2025-05-19,Yes,2025-06-26
U00432,Basic,19,2025-02-21,No,
U00433,Enterprise,99,2025-01-07,Yes,2025-02-26
U00436,Basic,19,2025-04-17,No,
U00438,Pro,49,2025-01-26,Yes,2025-02-20
U00439,Basic,19,2025-03-07,No,
U00442,Enterprise,99,2025-02-09,No,
U00445,Basic,19,2025-05-07,Yes,2025-06-24
U00446,Basic,19,2025-03-29,No,
U00447,Basic,19,2025-05-21,Yes,2025-07-19
U00448,Enterprise,99,2025-01-26,No,
U00451,Enterprise,99,2025-04-21,Yes,2025-06-26
U00454,Enterprise,99,2025-04-17,Yes,2025-07-08
U00462,Enterprise,99,2025-03-14,No,
U00463,Pro,49,2025-03-24,Yes,2025-04-18
U00465,Pro,49,2025-05-17,Yes,2025-06-19
U00468,Enterprise,99,2025-03-31,Yes,2025-06-12
U00470,Enterprise,99,2025-04-30,No,
U00472,Pro,49,2025-02-17,No,
U00474,Pro,49,2025-05-06,Yes,2025-07-26
U00476,Pro,49,2025-02-04,Yes,2025-04-24
U00479,Enterprise,99,2025-03-03,Yes,2025-04-05
U00481,Enterprise,99,2025-03-19,No,
U00482,Pro,49,2025-06-01,Yes,2025-06-21
U00484,Pro,49,2025-06-25,No,
U00486,Basic,19,2025-01-28,Yes,2025-04-20
U00489,Enterprise,99,2025-04-20,No,
U00490,Enterprise,99,2025-02-07,Yes,2025-04-29
U00492,Enterprise,99,2025-03-30,Yes,2025-06-25
U00499,Basic,19,2025-04-01,No,
U00500,Basic,19,2025-06-23,Yes,2025-07-25
U00501,Basic,19,2025-01-14,Yes,2025-02-03
U00504,Basic,19,2025-05-12,No,
U00505,Basic,19,2025-03-21,Yes,2025-06-06
U00507,Basic,19,2025-03-25,No,
U00508,Basic,19,2025-06-15,Yes,2025-08-29
U00509,Pro,49,2025-03-01,Yes,2025-05-05
U00510,Basic,19,2025-04-28,Yes,2025-07-19
U00511,Basic,19,2025-03-30,No,
U00513,Basic,19,2025-02-25,Yes,2025-04-19
U00514,Basic,19,2025-05-04,No,
U00518,Basic,19,2025-03-24,Yes,2025-04-25
U00519,Pro,49,2025-07-03,Yes,2025-09-02
U00523,Basic,19,2025-03-23,Yes,2025-04-28
U00524,Basic,19,2025-05-11,No,
U00525,Basic,19,2025-04-06,No,
U00530,Basic,19,2025-06-28,No,
U00531,Basic,19,2025-01-09,No,
U00532,Pro,49,2025-05-19,No,
U00533,Pro,49,2025-02-04,Yes,2025-02-27
U00535,Pro,49,2025-05-19,Yes,2025-07-19
U00536,Basic,19,2025-06-09,No,
U00537,Basic,19,2025-06-04,No,
U00541,Pro,49,2025-05-21,No,
U00542,Basic,19,2025-06-09,Yes,2025-08-23
U00544,Enterprise,99,2025-02-06,Yes,2025-04-16
U00545,Basic,19,2025-06-19,Yes,2025-08-21
U00548,Enterprise,99,2025-04-11,No,
U00550,Enterprise,99,2025-03-16,No,
U00552,Pro,49,2025-04-13,Yes,2025-05-04
U00555,Enterprise,99,2025-06-04,Yes,2025-08-13
U00559,Pro,49,2025-07-04,No,
U00560,Enterprise,99,2025-03-19,No,
U00561,Pro,49,2025-03-02,No,
U00569,Enterprise,99,2025-05-19,Yes,2025-06-19
U00572,Enterprise,99,2025-03-08,Yes,2025-04-24
U00574,Enterprise,99,2025-07-09,No,
U00575,Enterprise,99,2025-06-06,Yes,2025-07-31
U00576,Pro,49,2025-04-29,Yes,2025-06-05
U00578,Pro,49,2025-01-10,Yes,2025-03-27
U00582,Basic,19,2025-02-03,Yes,2025-03-14
U00585,Enterprise,99,2025-03-04,Yes,2025-04-03
U00592,Basic,19,2025-05-02,Yes,2025-05-21
U00595,Pro,49,2025-06-04,Yes,2025-08-04
U00597,Basic,19,2025-02-27,Yes,2025-03-29
U00610,Enterprise,99,2025-06-22,No,
U00612,Enterprise,99,2025-02-19,Yes,2025-04-15
U00613,Basic,19,2025-04-09,No,
U00615,Pro,49,2025-05-27,No,
U00616,Basic,19,2025-05-08,No,
U00619,Pro,49,2025-02-06,Yes,2025-04-22
U00620,Pro,49,2025-04-03,No,
U00625,Enterprise,99,2025-04-07,No,
U00628,Basic,19,2025-02-18,Yes,2025-04-06
U00631,Enterprise,99,2025-02-18,No,
U00632,Basic,19,2025-02-07,No,
U00646,Enterprise,99,2025-04-14,Yes,2025-06-12
U00648,Basic,19,2025-05-12,No,
U00649,Pro,49,2025-06-08,Yes,2025-07-27
U00654,Enterprise,99,2025-02-21,Yes,2025-03-28
U00659,Pro,49,2025-02-25,No,
U00662,Enterprise,99,2025-05-23,Yes,2025-07-27
U00663,Enterprise,99,2025-05-31,Yes,2025-06-15
U00672,Pro,49,2025-03-07,No,
U00676,Basic,19,2025-06-21,Yes,2025-08-07
U00679,Basic,19,2025-05-04,No,
U00680,Enterprise,99,2025-07-06,No,
U00681,Enterprise,99,2025-03-08,Yes,2025-05-26
U00684,Enterprise,99,2025-04-06,Yes,2025-06-21
U00685,Pro,49,2025-04-15,Yes,2025-05-17
U00689,Pro,49,2025-05-07,Yes,2025-05-30
U00696,Enterprise,99,2025-06-09,Yes,2025-06-25
U00706,Basic,19,2025-06-30,No,
U00708,Basic,19,2025-06-17,No,
U00710,Pro,49,2025-05-03,No,
U00711,Enterprise,99,2025-05-04,Yes,2025-07-13
U00716,Basic,19,2025-01-11,Yes,2025-02-08
U00717,Enterprise,99,2025-06-28,No,
U00718,Enterprise,99,2025-02-05,Yes,2025-05-04
U00720,Pro,49,2025-05-13,Yes,2025-07-14
U00721,Enterprise,99,2025-02-13,No,
U00724,Basic,19,2025-06-09,No,
U00726,Enterprise,99,2025-03-01,Yes,2025-04-17
U00728,Pro,49,2025-03-20,Yes,2025-05-28
U00732,Pro,49,2025-03-02,Yes,2025-05-10
U00733,Pro,49,2025-06-07,No,
U00736,Basic,19,2025-07-08,No,
U00738,Pro,49,2025-05-23,No,
U00743,Pro,49,2025-01-15,No,
U00746,Pro,49,2025-04-28,No,
U00749,Basic,19,2025-04-25,Yes,2025-06-17
U00750,Basic,19,2025-02-28,No,
U00752,Basic,19,2025-05-18,No,
U00753,Enterprise,99,2025-03-02,Yes,2025-04-29
U00756,Enterprise,99,2025-05-16,Yes,2025-06-27
U00757,Basic,19,2025-03-28,Yes,2025-05-16
U00759,Enterprise,99,2025-06-02,No,
U00760,Enterprise,99,2025-04-25,No,
U00764,Basic,19,2025-04-17,No,
U00767,Pro,49,2025-01-22,No,
U00768,Enterprise,99,2025-05-24,Yes,2025-08-05
U00770,Basic,19,2025-07-08,No,
U00772,Enterprise,99,2025-03-11,Yes,2025-06-08
U00775,Enterprise,99,2025-02-28,Yes,2025-04-24
U00778,Enterprise,99,2025-04-10,Yes,2025-05-01
U00779,Pro,49,2025-06-05,Yes,2025-09-03
U00780,Basic,19,2025-06-19,Yes,2025-07-19
U00781,Pro,49,2025-01-29,No,
U00786,Basic,19,2025-02-21,Yes,2025-04-11
U00790,Enterprise,99,2025-06-14,Yes,2025-07-17
U00794,Pro,49,2025-05-16,No,
U00796,Enterprise,99,2025-04-08,No,
U00797,Basic,19,2025-03-10,No,
U00799,Enterprise,99,2025-04-05,Yes,2025-04-24
U00800,Enterprise,99,2025-03-05,Yes,2025-05-03
U00801,Basic,19,2025-06-17,Yes,2025-08-20
U00804,Enterprise,99,2025-01-27,Yes,2025-04-13
U00806,Pro,49,2025-02-05,Yes,2025-05-03
U00807,Basic,19,2025-03-26,No,
U00808,Pro,49,2025-01-16,No,
U00811,Enterprise,99,2025-06-20,Yes,2025-08-19
U00812,Basic,19,2025-04-14,Yes,2025-05-10
U00814,Basic,19,2025-01-11,Yes,2025-03-18
U00815,Basic,19,2025-04-06,No,
U00821,Pro,49,2025-03-10,Yes,2025-06-08
U00826,Basic,19,2025-03-12,Yes,2025-05-16
U00829,Basic,19,2025-03-03,Yes,2025-04-07
U00837,Pro,49,2025-01-30,No,
U00840,Pro,49,2025-02-16,No,
U00842,Enterprise,99,2025-06-16,No,
U00844,Basic,19,2025-03-17,Yes,2025-04-15
U00848,Basic,19,2025-06-11,No,
U00852,Pro,49,2025-04-21,No,
U00854,Pro,49,2025-06-17,No,
U00861,Basic,19,2025-02-03,No,
U00869,Pro,49,2025-04-10,No,
U00870,Basic,19,2025-05-18,No,
U00873,Pro,49,2025-02-05,Yes,2025-02-26
U00877,Enterprise,99,2025-06-23,No,
U00878,Basic,19,2025-07-04,No,
U00882,Enterprise,99,2025-05-08,No,
U00885,Basic,19,2025-04-19,No,
U00887,Pro,49,2025-01-25,No,
U00891,Basic,19,2025-05-05,Yes,2025-08-01
U00892,Basic,19,2025-06-27,No,
U00893,Enterprise,99,2025-03-13,No,
U00895,Pro,49,2025-01-22,Yes,2025-04-13
U00898,Basic,19,2025-03-08,Yes,2025-05-17
U00906,Enterprise,99,2025-03-31,No,
U00907,Enterprise,99,2025-06-04,No,
U00913,Pro,49,2025-06-15,Yes,2025-08-10
U00918,Enterprise,99,2025-03-03,No,
U00919,Pro,49,2025-01-12,No,
U00921,Basic,19,2025-03-24,Yes,2025-04-25
U00923,Enterprise,99,2025-05-16,No,
U00924,Basic,19,2025-03-30,Yes,2025-04-20
U00929,Enterprise,99,2025-06-11,No,
U00932,Pro,49,2025-03-03,No,
U00933,Pro,49,2025-04-01,No,
U00938,Pro,49,2025-05-30,No,
U00943,Pro,49,2025-04-05,Yes,2025-06-26
U00944,Basic,19,2025-06-06,Yes,2025-08-23
U00948,Basic,19,2025-02-01,No,
U00949,Pro,49,2025-07-01,Yes,2025-09-28
U00951,Basic,19,2025-02-03,Yes,2025-03-08
U00952,Enterprise,99,2025-07-09,No,
U00954,Pro,49,2025-01-23,No,
U00960,Basic,19,2025-01-31,Yes,2025-04-29
U00962,Basic,19,2025-06-24,Yes,2025-09-16
U00967,Pro,49,2025-05-30,Yes,2025-08-26
U00971,Pro,49,2025-03-17,Yes,2025-04-02
U00972,Pro,49,2025-01-15,No,
U00973,Basic,19,2025-01-17,No,
U00982,Pro,49,2025-05-14,No,
U00985,Pro,49,2025-02-15,No,
U00987,Enterprise,99,2025-05-12,Yes,2025-06-20
U00990,Enterprise,99,2025-02-27,Yes,2025-04-24
U00991,Enterprise,99,2025-03-31,No,
U00992,Enterprise,99,2025-05-15,No,
U00997,Enterprise,99,2025-04-09,No,
U00999,Enterprise,99,2025-01-21,No,
U01003,Pro,49,2025-06-30,Yes,2025-08-07
U01004,Pro,49,2025-01-31,No,
U01005,Basic,19,2025-03-02,No,
U01006,Enterprise,99,2025-03-13,Yes,2025-04-28
U01007,Enterprise,99,2025-02-14,No,
U01008,Basic,19,2025-02-03,No,
U01012,Basic,19,2025-03-20,Yes,2025-05-04
U01013,Enterprise,99,2025-01-19,Yes,2025-04-15
U01015,Basic,19,2025-05-04,No,
U01016,Enterprise,99,2025-04-21,No,
U01019,Basic,19,2025-02-10,No,
U01021,Enterprise,99,2025-04-21,Yes,2025-05-08
U01023,Enterprise,99,2025-02-14,Yes,2025-05-14
U01024,Pro,49,2025-02-03,Yes,2025-03-31
U01025,Basic,19,2025-04-19,No,
U01027,Pro,49,2025-05-07,Yes,2025-07-02
U01028,Enterprise,99,2025-02-08,Yes,2025-04-03
U01030,Enterprise,99,2025-04-22,Yes,2025-06-10
U01036,Enterprise,99,2025-02-07,No,
U01038,Pro,49,2025-01-22,No,
U01042,Pro,49,2025-01-20,Yes,2025-03-16
U01044,Enterprise,99,2025-04-19,No,
U01045,Pro,49,2025-05-15,No,
U01046,Basic,19,2025-06-08,Yes,2025-07-13
U01049,Enterprise,99,2025-06-23,Yes,2025-08-20
U01051,Enterprise,99,2025-01-16,No,
U01053,Enterprise,99,2025-05-28,Yes,2025-08-05
U01054,Pro,49,2025-03-24,No,
U01055,Basic,19,2025-02-05,Yes,2025-05-05
U01057,Basic,19,2025-01-20,No,
U01060,Pro,49,2025-04-26,Yes,2025-07-12
U01061,Pro,49,2025-03-01,Yes,2025-03-20
U01062,Basic,19,2025-05-10,Yes,2025-07-22
U01063,Enterprise,99,2025-02-22,Yes,2025-04-04
U01066,Pro,49,2025-04-30,No,
U01075,Pro,49,2025-01-13,No,
U01078,Pro,49,2025-02-27,Yes,2025-04-10
U01080,Enterprise,99,2025-03-19,No,
U01081,Pro,49,2025-06-08,No,
U01084,Pro,49,2025-02-03,No,
U01085,Basic,19,2025-06-13,Yes,2025-09-05
U01087,Enterprise,99,2025-05-20,Yes,2025-07-16
U01089,Basic,19,2025-01-20,No,
U01091,Pro,49,2025-04-15,No,
U01092,Enterprise,99,2025-03-13,Yes,2025-06-02
U01093,Enterprise,99,2025-05-17,Yes,2025-08-13
U01099,Pro,49,2025-03-30,No,
U01102,Enterprise,99,2025-04-12,Yes,2025-06-12
U01103,Basic,19,2025-06-26,No,
U01104,Basic,19,2025-01-27,No,
U01105,Pro,49,2025-04-21,No,
U01108,Basic,19,2025-06-11,Yes,2025-07-02
U01109,Basic,19,2025-06-12,No,
U01111,Pro,49,2025-06-14,Yes,2025-08-22
U01118,Pro,49,2025-02-18,Yes,2025-04-02
U01121,Basic,19,2025-03-25,Yes,2025-06-13
U01122,Enterprise,99,2025-03-22,Yes,2025-04-27
U01123,Pro,49,2025-02-19,No,
U01124,Enterprise,99,2025-04-07,Yes,2025-06-08
U01125,Basic,19,2025-07-06,Yes,2025-08-17
U01131,Enterprise,99,2025-03-28,No,
U01135,Basic,19,2025-04-07,No,
U01137,Pro,49,2025-01-20,No,
U01141,Pro,49,2025-04-22,Yes,2025-05-14
U01143,Enterprise,99,2025-05-15,No,
U01146,Pro,49,2025-02-21,Yes,2025-05-09
U01147,Basic,19,2025-07-03,Yes,2025-08-22
U01148,Pro,49,2025-04-25,No,
U01149,Pro,49,2025-03-08,Yes,2025-05-04
U01150,Pro,49,2025-04-21,Yes,2025-05-29
U01151,Basic,19,2025-05-28,Yes,2025-07-09
U01152,Pro,49,2025-05-27,Yes,2025-07-10
U01153,Pro,49,2025-03-10,No,
U01154,Enterprise,99,2025-03-02,No,
U01155,Basic,19,2025-03-02,No,
U01156,Basic,19,2025-01-12,No,
U01158,Pro,49,2025-05-22,No,
U01159,Pro,49,2025-02-03,No,
U01161,Basic,19,2025-03-22,Yes,2025-05-03
U01164,Basic,19,2025-04-04,No,
U01166,Basic,19,2025-02-25,Yes,2025-04-02
U01167,Pro,49,2025-03-25,Yes,2025-05-21
U01171,Basic,19,2025-01-23,Yes,2025-02-14
U01172,Enterprise,99,2025-02-23,Yes,2025-04-08
U01173,Enterprise,99,2025-05-24,No,
U01175,Enterprise,99,2025-02-10,Yes,2025-04-14
U01177,Pro,49,2025-05-08,No,
U01179,Enterprise,99,2025-05-10,Yes,2025-06-13
U01181,Pro,49,2025-03-25,Yes,2025-06-12
U01183,Enterprise,99,2025-02-01,Yes,2025-03-01
U01184,Enterprise,99,2025-04-23,No,
U01186,Pro,49,2025-01-21,No,
U01187,Pro,49,2025-06-04,Yes,2025-08-24
U01190,Basic,19,2025-03-14,No,
U01194,Enterprise,99,2025-05-08,No,
U01196,Pro,49,2025-05-30,Yes,2025-06-27
U01197,Pro,49,2025-04-18,Yes,2025-05-06
U01198,Basic,19,2025-02-28,Yes,2025-05-03
U01199,Pro,49,2025-02-26,No,
U01201,Pro,49,2025-04-18,Yes,2025-05-05
U01206,Basic,19,2025-04-21,No,
U01207,Enterprise,99,2025-02-08,Yes,2025-03-17
U01210,Pro,49,2025-05-27,Yes,2025-08-02
U01214,Basic,19,2025-05-28,Yes,2025-08-23
U01215,Pro,49,2025-04-20,Yes,2025-07-09
U01218,Basic,19,2025-01-06,No,
U01219,Pro,49,2025-02-15,Yes,2025-05-05
U01221,Enterprise,99,2025-04-01,Yes,2025-04-25
U01224,Enterprise,99,2025-03-19,No,
U01226,Basic,19,2025-03-29,No,
U01229,Enterprise,99,2025-03-22,Yes,2025-04-21
U01231,Basic,19,2025-05-10,No,
U01235,Pro,49,2025-04-14,Yes,2025-05-30
U01237,Pro,49,2025-02-10,Yes,2025-04-17
U01239,Pro,49,2025-04-13,Yes,2025-05-01
U01241,Pro,49,2025-06-10,Yes,2025-07-28
U01242,Enterprise,99,2025-07-05,Yes,2025-09-08
U01243,Pro,49,2025-02-10,Yes,2025-03-20
U01244,Enterprise,99,2025-04-27,Yes,2025-05-26
U01245,Pro,49,2025-05-03,Yes,2025-07-16
U01246,Basic,19,2025-05-29,No,
U01249,Pro,49,2025-03-02,No,
U01250,Enterprise,99,2025-07-04,Yes,2025-08-24
U01251,Basic,19,2025-05-08,No,
U01255,Pro,49,2025-01-31,No,
U01262,Enterprise,99,2025-04-08,Yes,2025-06-07
U01269,Basic,19,2025-01-27,Yes,2025-04-07
U01271,Enterprise,99,2025-05-19,No,
U01272,Basic,19,2025-01-17,No,
U01273,Enterprise,99,2025-05-14,No,
U01278,Basic,19,2025-01-30,No,
U01281,Pro,49,2025-07-01,No,
U01282,Pro,49,2025-04-07,No,
U01294,Pro,49,2025-03-28,Yes,2025-06-20
U01295,Basic,19,2025-04-16,No,
U01299,Pro,49,2025-02-07,No,
U01300,Pro,49,2025-04-14,No,
U01302,Enterprise,99,2025-02-12,Yes,2025-04-07
U01305,Pro,49,2025-05-19,No,
U01306,Pro,49,2025-03-26,No,
U01307,Enterprise,99,2025-03-29,No,
U01308,Enterprise,99,2025-02-22,Yes,2025-05-19
U01310,Pro,49,2025-03-07,Yes,2025-03-29
U01312,Enterprise,99,2025-04-08,No,
U01314,Basic,19,2025-05-22,No,
U01316,Pro,49,2025-01-14,Yes,2025-02-21
U01318,Pro,49,2025-06-19,Yes,2025-09-15
U01323,Basic,19,2025-01-12,Yes,2025-03-28
U01325,Pro,49,2025-04-04,No,
U01328,Enterprise,99,2025-03-29,Yes,2025-06-23
U01329,Pro,49,2025-01-17,Yes,2025-02-18
U01332,Pro,49,2025-03-21,No,
U01334,Enterprise,99,2025-02-10,Yes,2025-05-06
U01335,Pro,49,2025-01-18,Yes,2025-03-06
U01336,Basic,19,2025-05-21,No,
U01338,Enterprise,99,2025-04-28,No,
U01343,Basic,19,2025-06-28,No,
U01344,Pro,49,2025-07-07,No,
U01345,Pro,49,2025-06-01,No,
U01349,Basic,19,2025-07-04,No,
U01351,Enterprise,99,2025-06-30,No,
U01354,Pro,49,2025-01-28,No,
U01356,Basic,19,2025-06-02,Yes,2025-07-04
U01357,Basic,19,2025-03-27,Yes,2025-05-11
U01361,Pro,49,2025-06-27,No,
U01363,Enterprise,99,2025-03-22,Yes,2025-05-21
U01364,Basic,19,2025-04-09,No,
U01365,Pro,49,2025-04-02,No,
U01367,Basic,19,2025-03-09,No,
U01368,Pro,49,2025-05-29,No,
U01371,Enterprise,99,2025-02-11,Yes,2025-04-18
U01373,Basic,19,2025-04-23,Yes,2025-07-16
U01376,Enterprise,99,2025-04-03,No,
U01383,Pro,49,2025-03-29,Yes,2025-05-29
U01385,Enterprise,99,2025-03-07,Yes,2025-03-25
U01387,Enterprise,99,2025-01-30,No,
U01389,Pro,49,2025-06-19,Yes,2025-07-12
U01396,Enterprise,99,2025-02-11,Yes,2025-03-19
U01399,Basic,19,2025-06-23,Yes,2025-08-05
U01400,Pro,49,2025-04-24,Yes,2025-05-26
U01404,Pro,49,2025-06-16,Yes,2025-07-31
U01405,Enterprise,99,2025-01-11,No,
U01407,Enterprise,99,2025-05-27,Yes,2025-07-24
U01408,Pro,49,2025-05-07,Yes,2025-07-06
U01410,Enterprise,99,2025-02-08,No,
U01416,Basic,19,2025-01-24,No,
U01420,Enterprise,99,2025-04-25,No,
U01425,Basic,19,2025-02-18,Yes,2025-05-14
U01426,Pro,49,2025-02-16,No,
U01428,Enterprise,99,2025-02-06,Yes,2025-03-31
U01429,Pro,49,2025-01-29,No,
U01430,Pro,49,2025-03-12,No,
U01434,Pro,49,2025-05-20,Yes,2025-08-13
U01438,Basic,19,2025-04-28,No,
U01440,Enterprise,99,2025-04-20,No,
U01441,Pro,49,2025-05-31,Yes,2025-07-02
U01443,Enterprise,99,2025-04-27,No,
U01445,Basic,19,2025-04-20,No,
U01447,Pro,49,2025-03-09,Yes,2025-05-26
U01448,Enterprise,99,2025-02-21,No,
U01449,Pro,49,2025-05-22,No,
U01450,Enterprise,99,2025-05-20,Yes,2025-08-06
U01452,Enterprise,99,2025-02-04,Yes,2025-04-25
U01453,Pro,49,2025-02-13,No,
U01456,Pro,49,2025-03-18,No,
U01457,Basic,19,2025-02-07,Yes,2025-04-28
U01458,Enterprise,99,2025-03-02,Yes,2025-05-04
U01460,Pro,49,2025-01-24,Yes,2025-02-20
U01462,Enterprise,99,2025-06-24,Yes,2025-08-01
U01464,Basic,19,2025-03-22,No,
U01465,Enterprise,99,2025-01-25,Yes,2025-03-10
U01467,Enterprise,99,2025-05-04,Yes,2025-07-13
U01469,Pro,49,2025-02-01,Yes,2025-04-21
U01470,Basic,19,2025-06-11,No,
U01472,Enterprise,99,2025-06-20,No,
U01473,Basic,19,2025-05-27,Yes,2025-08-12
U01476,Basic,19,2025-06-26,Yes,2025-07-26
U01477,Pro,49,2025-06-27,No,
U01478,Enterprise,99,2025-06-22,Yes,2025-08-13
U01479,Pro,49,2025-06-27,Yes,2025-07-28
U01481,Basic,19,2025-04-21,No,
U01488,Pro,49,2025-02-18,Yes,2025-04-21
U01495,Basic,19,2025-02-27,No,
U01496,Pro,49,2025-05-02,Yes,2025-05-29
U01497,Pro,49,2025-03-31,Yes,2025-06-06
U01500,Enterprise,99,2025-01-13,Yes,2025-03-27
U01509,Pro,49,2025-05-01,Yes,2025-07-09
U01510,Enterprise,99,2025-02-04,No,
U01511,Pro,49,2025-04-21,No,
U01512,Pro,49,2025-03-10,No,
U01513,Basic,19,2025-02-11,Yes,2025-02-26
U01517,Basic,19,2025-06-01,Yes,2025-08-03
U01518,Pro,49,2025-04-18,No,
U01520,Pro,49,2025-04-12,Yes,2025-06-17
U01522,Pro,49,2025-04-30,No,
U01529,Enterprise,99,2025-03-02,No,
U01532,Pro,49,2025-03-15,Yes,2025-05-29
U01533,Pro,49,2025-05-18,Yes,2025-07-09
U01538,Basic,19,2025-04-13,Yes,2025-05-30
U01541,Pro,49,2025-03-25,No,
U01545,Basic,19,2025-05-16,No,
U01547,Enterprise,99,2025-04-27,No,
U01550,Enterprise,99,2025-03-13,Yes,2025-05-19
U01551,Enterprise,99,2025-03-17,Yes,2025-05-16
U01552,Pro,49,2025-06-02,Yes,2025-07-27
U01553,Pro,49,2025-03-26,Yes,2025-06-22
U01554,Enterprise,99,2025-02-02,No,
U01557,Basic,19,2025-02-16,Yes,2025-05-15
U01559,Enterprise,99,2025-04-06,Yes,2025-04-30
U01560,Pro,49,2025-06-02,Yes,2025-07-15
U01563,Pro,49,2025-06-20,Yes,2025-08-20
U01565,Enterprise,99,2025-04-18,Yes,2025-07-02
U01567,Pro,49,2025-06-13,Yes,2025-08-07
U01569,Basic,19,2025-04-28,No,
U01573,Pro,49,2025-02-08,Yes,2025-04-11
U01574,Enterprise,99,2025-03-27,Yes,2025-05-23
U01578,Basic,19,2025-06-25,No,
U01579,Enterprise,99,2025-06-27,No,
U01585,Basic,19,2025-01-16,Yes,2025-02-06
U01587,Enterprise,99,2025-05-21,Yes,2025-06-27
U01590,Pro,49,2025-06-07,No,
U01591,Basic,19,2025-03-30,Yes,2025-05-18
U01592,Enterprise,99,2025-07-06,No,
U01595,Enterprise,99,2025-02-24,Yes,2025-03-12
U01600,Enterprise,99,2025-01-25,No,
U01608,Enterprise,99,2025-01-30,Yes,2025-03-01
U01611,Pro,49,2025-05-26,Yes,2025-07-01
U01612,Basic,19,2025-02-09,No,
U01616,Basic,19,2025-05-12,No,
U01617,Pro,49,2025-04-05,Yes,2025-05-16
U01618,Pro,49,2025-05-23,No,
U01620,Basic,19,2025-06-12,No,
U01624,Basic,19,2025-02-15,No,
U01626,Enterprise,99,2025-03-22,Yes,2025-04-19
U01631,Enterprise,99,2025-03-11,No,
U01633,Pro,49,2025-03-02,No,
U01634,Enterprise,99,2025-04-24,No,
U01635,Basic,19,2025-02-19,Yes,2025-04-05
U01639,Pro,49,2025-02-23,No,
U01640,Basic,19,2025-05-15,Yes,2025-06-03
U01642,Enterprise,99,2025-01-10,No,
U01644,Pro,49,2025-01-22,No,
U01646,Pro,49,2025-02-18,No,
U01648,Pro,49,2025-01-18,No,
U01649,Pro,49,2025-05-12,Yes,2025-07-03
U01650,Enterprise,99,2025-01-19,Yes,2025-04-11
U01656,Enterprise,99,2025-05-30,No,
U01661,Basic,19,2025-06-26,No,
U01663,Pro,49,2025-05-28,Yes,2025-08-19
U01665,Basic,19,2025-07-01,Yes,2025-08-15
U01666,Pro,49,2025-05-05,No,
U01668,Basic,19,2025-05-29,Yes,2025-08-07
U01670,Basic,19,2025-04-25,Yes,2025-05-22
U01672,Pro,49,2025-04-06,No,
U01673,Enterprise,99,2025-05-11,No,
U01674,Basic,19,2025-04-23,No,
U01675,Enterprise,99,2025-05-13,No,
U01680,Enterprise,99,2025-01-22,No,
U01682,Enterprise,99,2025-06-14,Yes,2025-07-31
U01683,Basic,19,2025-04-19,No,
U01684,Basic,19,2025-06-16,Yes,2025-07-25
U01686,Pro,49,2025-04-27,Yes,2025-07-08
U01687,Pro,49,2025-06-30,Yes,2025-08-30
U01689,Basic,19,2025-02-01,No,
U01690,Basic,19,2025-04-18,Yes,2025-06-12
U01699,Pro,49,2025-05-12,Yes,2025-06-14
U01701,Basic,19,2025-07-03,Yes,2025-08-09
U01707,Enterprise,99,2025-05-28,No,
U01709,Pro,49,2025-05-09,Yes,2025-06-29
U01710,Enterprise,99,2025-02-24,No,
U01713,Pro,49,2025-03-04,No,
U01716,Enterprise,99,2025-03-22,No,
U01718,Enterprise,99,2025-06-04,Yes,2025-06-23
U01719,Pro,49,2025-06-28,No,
U01725,Pro,49,2025-02-01,No,
U01728,Basic,19,2025-03-16,Yes,2025-04-12
U01729,Pro,49,2025-02-20,Yes,2025-03-29
U01730,Pro,49,2025-02-08,Yes,2025-04-16
U01732,Basic,19,2025-03-17,Yes,2025-04-21
U01736,Enterprise,99,2025-02-12,Yes,2025-04-14
U01741,Basic,19,2025-04-29,No,
U01742,Basic,19,2025-02-15,No,
U01743,Enterprise,99,2025-01-17,Yes,2025-03-21
U01749,Pro,49,2025-02-15,Yes,2025-03-19
U01755,Enterprise,99,2025-06-10,Yes,2025-09-01
U01756,Pro,49,2025-06-18,Yes,2025-07-12
U01757,Enterprise,99,2025-03-06,No,
U01762,Basic,19,2025-02-05,Yes,2025-05-06
U01767,Pro,49,2025-02-10,Yes,2025-04-14
U01772,Basic,19,2025-06-14,Yes,2025-08-13
U01773,Enterprise,99,2025-04-28,Yes,2025-06-15
U01774,Pro,49,2025-02-21,No,
U01775,Enterprise,99,2025-06-24,Yes,2025-07-26
U01777,Enterprise,99,2025-05-03,No,
U01780,Basic,19,2025-03-12,No,
U01782,Enterprise,99,2025-05-18,No,
U01784,Enterprise,99,2025-04-15,Yes,2025-06-17
U01785,Enterprise,99,2025-05-13,No,
U01786,Enterprise,99,2025-01-29,No,
U01787,Enterprise,99,2025-06-08,Yes,2025-09-06
U01788,Enterprise,99,2025-02-21,Yes,2025-05-01
U01792,Basic,19,2025-04-14,Yes,2025-06-01
U01794,Basic,19,2025-03-30,Yes,2025-05-29
U01797,Basic,19,2025-05-16,No,
U01801,Basic,19,2025-06-27,No,
U01802,Enterprise,99,2025-04-01,No,
U01806,Pro,49,2025-07-01,No,
U01807,Enterprise,99,2025-04-26,No,
U01811,Basic,19,2025-04-21,No,
U01812,Enterprise,99,2025-05-04,Yes,2025-05-27
U01816,Basic,19,2025-01-27,Yes,2025-03-10
U01818,Pro,49,2025-06-07,No,
U01819,Basic,19,2025-01-25,Yes,2025-02-15
U01823,Basic,19,2025-03-30,Yes,2025-04-19
U01824,Enterprise,99,2025-06-09,No,
U01825,Pro,49,2025-04-21,Yes,2025-05-19
U01828,Pro,49,2025-06-09,No,
U01829,Pro,49,2025-02-12,Yes,2025-04-23
U01831,Basic,19,2025-06-24,No,
U01832,Pro,49,2025-06-26,No,
U01834,Enterprise,99,2025-04-14,Yes,2025-07-02
U01835,Basic,19,2025-02-18,Yes,2025-05-13
U01836,Basic,19,2025-06-21,Yes,2025-07-11
U01839,Basic,19,2025-01-23,No,
U01844,Pro,49,2025-01-15,No,
U01845,Pro,49,2025-07-01,No,
U01849,Pro,49,2025-04-10,Yes,2025-07-04
U01850,Basic,19,2025-03-05,No,
U01852,Enterprise,99,2025-07-01,No,
U01853,Basic,19,2025-01-25,No,
U01854,Pro,49,2025-02-24,No,
U01855,Pro,49,2025-03-25,Yes,2025-04-19
U01857,Pro,49,2025-05-22,No,
U01859,Pro,49,2025-03-24,No,
U01860,Basic,19,2025-06-15,No,
U01861,Enterprise,99,2025-03-26,Yes,2025-05-08
U01862,Enterprise,99,2025-05-21,No,
U01865,Pro,49,2025-02-23,No,
U01866,Basic,19,2025-04-05,Yes,2025-05-25
U01870,Pro,49,2025-05-09,Yes,2025-07-29
U01871,Pro,49,2025-04-16,No,
U01874,Basic,19,2025-04-16,No,
U01875,Enterprise,99,2025-01-27,Yes,2025-03-14
U01881,Pro,49,2025-07-04,Yes,2025-07-19
U01882,Enterprise,99,2025-03-25,No,
U01883,Pro,49,2025-05-30,Yes,2025-07-10
U01884,Enterprise,99,2025-07-04,No,
U01889,Pro,49,2025-04-09,No,
U01890,Enterprise,99,2025-03-25,No,
U01893,Pro,49,2025-02-15,Yes,2025-04-26
U01896,Pro,49,2025-07-03,Yes,2025-08-16
U01897,Enterprise,99,2025-06-06,Yes,2025-08-11
U01900,Pro,49,2025-05-29,No,
U01903,Pro,49,2025-03-13,Yes,2025-05-03
U01905,Pro,49,2025-04-17,No,
U01907,Basic,19,2025-03-20,No,
U01912,Enterprise,99,2025-05-21,No,
U01913,Pro,49,2025-04-22,Yes,2025-05-31
U01916,Enterprise,99,2025-04-03,No,
U01917,Enterprise,99,2025-03-25,Yes,2025-04-09
U01921,Pro,49,2025-05-29,No,
U01923,Pro,49,2025-02-21,Yes,2025-05-04
U01925,Enterprise,99,2025-03-04,No,
U01929,Enterprise,99,2025-04-02,Yes,2025-06-22
U01934,Basic,19,2025-06-22,No,
U01935,Enterprise,99,2025-03-03,Yes,2025-03-28
U01936,Basic,19,2025-02-21,No,
U01938,Pro,49,2025-04-25,No,
U01943,Basic,19,2025-01-26,No,
U01944,Enterprise,99,2025-05-23,Yes,2025-07-20
U01945,Enterprise,99,2025-02-27,No,
U01954,Pro,49,2025-01-28,No,
U01955,Enterprise,99,2025-05-31,Yes,2025-07-30
U01956,Basic,19,2025-05-09,Yes,2025-08-02
U01957,Pro,49,2025-01-23,Yes,2025-03-15
U01959,Enterprise,99,2025-03-22,Yes,2025-05-31
U01960,Basic,19,2025-05-09,Yes,2025-06-01
U01963,Basic,19,2025-01-21,No,
U01972,Enterprise,99,2025-03-10,Yes,2025-05-06
U01976,Enterprise,99,2025-02-20,Yes,2025-03-26
U01979,Enterprise,99,2025-02-16,No,
U01980,Pro,49,2025-07-05,Yes,2025-09-24
U01982,Enterprise,99,2025-07-09,Yes,2025-09-15
U01987,Enterprise,99,2025-02-17,Yes,2025-03-19
U01990,Enterprise,99,2025-05-14,No,
U01991,Enterprise,99,2025-03-23,Yes,2025-04-25
U01993,Enterprise,99,2025-01-26,No,
U01995,Enterprise,99,2025-04-05,Yes,2025-07-04
U01996,Basic,19,2025-02-09,Yes,2025-03-09
U01997,Basic,19,2025-03-05,Yes,2025-05-15
U02003,Pro,49,2025-02-12,No,
U02006,Enterprise,99,2025-01-23,Yes,2025-02-09
U02008,Basic,19,2025-06-13,No,
U02013,Pro,49,2025-05-05,Yes,2025-06-26
U02018,Basic,19,2025-05-26,Yes,2025-06-26
U02020,Pro,49,2025-06-26,Yes,2025-08-09
U02021,Basic,19,2025-05-16,Yes,2025-07-08
U02023,Basic,19,2025-02-24,No,
U02027,Basic,19,2025-03-18,No,
U02028,Basic,19,2025-03-17,Yes,2025-04-01
U02030,Basic,19,2025-06-13,Yes,2025-08-12
U02034,Basic,19,2025-03-13,No,
U02035,Pro,49,2025-06-16,No,
U02041,Basic,19,2025-03-26,Yes,2025-04-15
U02045,Enterprise,99,2025-03-14,No,
U02046,Pro,49,2025-01-18,No,
U02048,Enterprise,99,2025-06-04,No,
U02054,Enterprise,99,2025-01-16,No,
U02055,Enterprise,99,2025-02-23,Yes,2025-03-28
U02056,Pro,49,2025-06-08,No,
U02059,Pro,49,2025-01-09,Yes,2025-02-07
U02063,Pro,49,2025-05-05,No,
U02066,Enterprise,99,2025-06-17,No,
U02071,Basic,19,2025-06-29,Yes,2025-07-17
U02074,Basic,19,2025-04-13,Yes,2025-05-28
U02075,Pro,49,2025-01-18,Yes,2025-03-03
U02076,Enterprise,99,2025-05-24,Yes,2025-07-24
U02079,Basic,19,2025-06-08,No,
U02080,Basic,19,2025-04-14,Yes,2025-06-29
U02084,Basic,19,2025-07-05,Yes,2025-08-14
U02088,Pro,49,2025-07-05,Yes,2025-08-20
U02089,Basic,19,2025-04-12,Yes,2025-07-10
U02091,Enterprise,99,2025-06-04,No,
U02092,Basic,19,2025-03-23,Yes,2025-04-20
U02096,Enterprise,99,2025-03-21,Yes,2025-04-06
U02098,Pro,49,2025-01-23,Yes,2025-03-04
U02099,Enterprise,99,2025-03-26,No,
U02101,Basic,19,2025-03-22,Yes,2025-04-07
U02104,Enterprise,99,2025-01-31,No,
U02105,Enterprise,99,2025-02-07,Yes,2025-04-15
U02107,Basic,19,2025-02-15,No,
U02108,Basic,19,2025-04-30,No,
U02110,Enterprise,99,2025-03-13,No,
U02114,Basic,19,2025-05-17,No,
U02115,Enterprise,99,2025-06-28,Yes,2025-08-31
U02118,Basic,19,2025-05-31,No,
U02120,Basic,19,2025-05-20,Yes,2025-07-10
U02121,Basic,19,2025-01-28,Yes,2025-04-12
U02123,Pro,49,2025-02-20,Yes,2025-03-15
U02125,Basic,19,2025-01-10,Yes,2025-04-07
U02126,Enterprise,99,2025-03-16,No,
U02127,Basic,19,2025-06-10,No,
U02129,Pro,49,2025-05-09,No,
U02135,Basic,19,2025-05-26,Yes,2025-07-07
U02136,Basic,19,2025-05-26,Yes,2025-06-19
U02138,Pro,49,2025-06-24,No,
U02140,Pro,49,2025-03-09,Yes,2025-04-05
U02141,Pro,49,2025-05-21,Yes,2025-06-08
U02143,Basic,19,2025-06-09,Yes,2025-07-20
U02146,Pro,49,2025-05-06,Yes,2025-07-01
U02150,Pro,49,2025-04-25,Yes,2025-06-12
U02153,Basic,19,2025-07-03,No,
U02154,Pro,49,2025-03-07,Yes,2025-04-03
U02160,Basic,19,2025-05-22,No,
U02161,Basic,19,2025-01-13,Yes,2025-02-03
U02162,Enterprise,99,2025-02-14,No,
U02164,Enterprise,99,2025-02-11,No,
U02166,Pro,49,2025-05-25,Yes,2025-08-18
U02167,Pro,49,2025-05-20,Yes,2025-08-03
U02169,Enterprise,99,2025-02-17,No,
U02171,Pro,49,2025-03-24,Yes,2025-04-14
U02174,Basic,19,2025-07-02,Yes,2025-09-17
U02176,Basic,19,2025-04-11,No,
U02178,Basic,19,2025-01-09,Yes,2025-04-04
U02179,Basic,19,2025-05-02,No,
U02185,Pro,49,2025-04-09,Yes,2025-06-28
U02186,Pro,49,2025-06-22,Yes,2025-08-06
U02187,Enterprise,99,2025-03-06,Yes,2025-04-28
U02188,Pro,49,2025-06-26,No,
U02189,Enterprise,99,2025-01-15,Yes,2025-04-15
U02190,Basic,19,2025-03-25,No,
U02192,Pro,49,2025-03-05,No,
U02193,Enterprise,99,2025-06-27,Yes,2025-09-13
U02198,Pro,49,2025-03-15,Yes,2025-06-08
U02201,Basic,19,2025-06-17,No,
U02205,Pro,49,2025-03-23,Yes,2025-05-01
U02206,Enterprise,99,2025-06-11,No,
U02208,Basic,19,2025-02-20,No,
U02210,Pro,49,2025-06-15,No,
U02211,Basic,19,2025-03-13,Yes,2025-05-10
U02212,Enterprise,99,2025-01-18,Yes,2025-03-28
U02214,Basic,19,2025-07-05,No,
U02215,Enterprise,99,2025-03-23,No,
U02217,Basic,19,2025-07-04,Yes,2025-07-30
U02219,Pro,49,2025-04-13,Yes,2025-06-12
U02221,Pro,49,2025-04-07,No,
U02231,Basic,19,2025-01-28,No,
U02233,Basic,19,2025-02-27,Yes,2025-05-11
U02234,Enterprise,99,2025-03-04,No,
U02235,Pro,49,2025-04-11,No,
U02237,Enterprise,99,2025-02-12,Yes,2025-03-23
U02241,Basic,19,2025-06-01,No,
U02244,Enterprise,99,2025-06-28,No,
U02245,Enterprise,99,2025-03-18,No,
U02248,Basic,19,2025-03-28,Yes,2025-05-27
U02252,Pro,49,2025-02-17,Yes,2025-05-15
U02253,Enterprise,99,2025-04-02,Yes,2025-05-03
U02254,Basic,19,2025-02-07,No,
U02255,Pro,49,2025-03-13,No,
U02261,Enterprise,99,2025-03-17,Yes,2025-04-30
U02262,Pro,49,2025-02-22,Yes,2025-05-20
U02263,Basic,19,2025-01-20,No,
U02265,Enterprise,99,2025-06-23,No,
U02266,Enterprise,99,2025-04-19,No,
U02268,Enterprise,99,2025-04-08,No,
U02274,Basic,19,2025-05-17,No,
U02275,Enterprise,99,2025-03-05,No,
U02276,Basic,19,2025-06-03,Yes,2025-08-22
U02277,Pro,49,2025-01-13,No,
U02279,Basic,19,2025-05-26,No,
U02287,Enterprise,99,2025-06-03,No,
U02291,Basic,19,2025-03-03,No,
U02301,Enterprise,99,2025-03-12,Yes,2025-04-18
U02305,Enterprise,99,2025-04-07,Yes,2025-06-24
U02308,Pro,49,2025-04-26,Yes,2025-05-21
U02312,Pro,49,2025-06-17,Yes,2025-08-15
U02314,Basic,19,2025-03-15,Yes,2025-06-05
U02315,Basic,19,2025-04-12,No,
U02321,Enterprise,99,2025-01-19,Yes,2025-03-05
U02322,Pro,49,2025-05-29,Yes,2025-07-22
U02323,Enterprise,99,2025-03-18,No,
U02325,Basic,19,2025-01-22,No,
U02326,Pro,49,2025-04-19,No,
U02327,Pro,49,2025-03-20,Yes,2025-06-17
U02329,Basic,19,2025-03-06,Yes,2025-04-29
U02333,Pro,49,2025-07-04,No,
U02334,Basic,19,2025-02-12,Yes,2025-03-19
U02341,Enterprise,99,2025-03-26,Yes,2025-06-16
U02345,Pro,49,2025-05-26,Yes,2025-07-07
U02346,Pro,49,2025-04-01,Yes,2025-04-16
U02347,Basic,19,2025-05-25,Yes,2025-07-16
U02351,Basic,19,2025-05-26,No,
U02352,Pro,49,2025-04-16,No,
U02353,Basic,19,2025-02-25,Yes,2025-04-22
U02354,Basic,19,2025-05-03,Yes,2025-06-29
U02355,Enterprise,99,2025-07-02,Yes,2025-08-26
U02357,Enterprise,99,2025-01-16,No,
U02370,Pro,49,2025-06-10,No,
U02371,Enterprise,99,2025-04-21,No,
U02372,Pro,49,2025-05-12,Yes,2025-06-15
U02373,Basic,19,2025-02-10,Yes,2025-04-07
U02375,Basic,19,2025-02-02,Yes,2025-04-04
U02378,Pro,49,2025-04-15,No,
U02380,Basic,19,2025-01-24,Yes,2025-04-16
U02381,Enterprise,99,2025-06-16,No,
U02382,Basic,19,2025-04-20,Yes,2025-05-24
U02383,Basic,19,2025-05-28,Yes,2025-06-12
U02388,Enterprise,99,2025-06-13,No,
U02389,Pro,49,2025-05-20,Yes,2025-07-04
U02390,Basic,19,2025-06-01,No,
U02395,Enterprise,99,2025-04-14,No,
U02399,Basic,19,2025-06-02,No,
U02400,Pro,49,2025-01-18,Yes,2025-02-24
U02405,Enterprise,99,2025-02-20,Yes,2025-04-21
U02406,Basic,19,2025-05-21,No,
U02409,Pro,49,2025-04-19,Yes,2025-05-24
U02411,Enterprise,99,2025-05-11,No,
U02416,Basic,19,2025-01-06,No,
U02423,Pro,49,2025-04-09,Yes,2025-05-07
U02426,Enterprise,99,2025-06-19,No,
U02428,Enterprise,99,2025-02-08,No,
U02430,Enterprise,99,2025-06-22,No,
U02431,Pro,49,2025-06-10,No,
U02432,Basic,19,2025-03-31,Yes,2025-06-27
U02433,Basic,19,2025-03-02,Yes,2025-03-21
U02435,Basic,19,2025-04-08,Yes,2025-04-23
U02443,Enterprise,99,2025-01-13,No,
U02444,Pro,49,2025-02-18,No,
U02452,Basic,19,2025-03-07,No,
U02458,Enterprise,99,2025-06-27,No,
U02461,Pro,49,2025-06-21,Yes,2025-09-01
U02462,Basic,19,2025-03-23,Yes,2025-05-29
U02463,Enterprise,99,2025-07-06,No,
U02465,Pro,49,2025-02-06,No,
U02472,Pro,49,2025-04-01,No,
U02473,Basic,19,2025-05-23,Yes,2025-06-21
U02474,Pro,49,2025-03-14,No,
U02476,Pro,49,2025-02-15,Yes,2025-04-25
U02478,Enterprise,99,2025-01-28,Yes,2025-03-26
U02480,Pro,49,2025-04-01,No,
U02482,Enterprise,99,2025-03-28,Yes,2025-05-29
U02483,Pro,49,2025-02-14,No,
U02486,Enterprise,99,2025-02-28,No,
U02488,Basic,19,2025-03-09,No,
U02493,Basic,19,2025-03-29,No,
U02498,Basic,19,2025-05-02,Yes,2025-07-02
U02499,Basic,19,2025-06-27,No,
U02501,Enterprise,99,2025-07-03,No,
U02502,Basic,19,2025-02-09,No,
U02504,Basic,19,2025-06-26,Yes,2025-09-01
U02507,Pro,49,2025-05-15,Yes,2025-06-17
U02509,Basic,19,2025-01-22,Yes,2025-02-28
U02510,Pro,49,2025-04-23,Yes,2025-05-25
U02512,Pro,49,2025-06-27,Yes,2025-07-18
U02515,Pro,49,2025-05-26,No,
U02516,Enterprise,99,2025-05-04,Yes,2025-06-27
U02519,Enterprise,99,2025-01-15,No,
U02520,Basic,19,2025-04-30,Yes,2025-07-03
U02521,Basic,19,2025-04-27,Yes,2025-07-09
U02525,Basic,19,2025-05-09,No,
U02528,Pro,49,2025-01-26,Yes,2025-03-02
U02530,Basic,19,2025-05-24,Yes,2025-06-19
U02531,Basic,19,2025-01-14,Yes,2025-03-16
U02532,Pro,49,2025-02-27,Yes,2025-05-13
U02535,Enterprise,99,2025-03-02,No,
U02536,Pro,49,2025-02-02,No,
U02537,Enterprise,99,2025-01-23,No,
U02539,Basic,19,2025-02-01,No,
U02540,Basic,19,2025-02-09,No,
U02541,Pro,49,2025-04-08,Yes,2025-07-07
U02542,Enterprise,99,2025-06-04,Yes,2025-08-10
U02543,Pro,49,2025-06-25,Yes,2025-07-27
U02544,Pro,49,2025-06-15,Yes,2025-07-06
U02553,Basic,19,2025-06-07,No,
U02554,Basic,19,2025-05-16,Yes,2025-08-04
U02556,Basic,19,2025-03-07,Yes,2025-04-29
U02561,Enterprise,99,2025-05-24,Yes,2025-07-07
U02562,Pro,49,2025-02-24,No,
U02569,Pro,49,2025-06-11,Yes,2025-08-14
U02570,Pro,49,2025-05-24,No,
U02572,Basic,19,2025-01-23,Yes,2025-04-11
U02576,Pro,49,2025-06-16,Yes,2025-07-09
U02577,Enterprise,99,2025-01-25,No,
U02578,Basic,19,2025-05-25,No,
U02580,Pro,49,2025-01-31,Yes,2025-04-02
U02582,Pro,49,2025-07-03,No,
U02586,Basic,19,2025-04-16,Yes,2025-06-29
U02588,Pro,49,2025-06-26,No,
U02590,Enterprise,99,2025-03-06,Yes,2025-04-28
U02591,Enterprise,99,2025-04-28,Yes,2025-05-20
U02592,Basic,19,2025-01-20,No,
U02596,Pro,49,2025-04-11,Yes,2025-06-22
U02601,Enterprise,99,2025-04-10,Yes,2025-05-07
U02603,Basic,19,2025-03-23,No,
U02609,Pro,49,2025-06-14,Yes,2025-08-14
U02611,Enterprise,99,2025-06-23,Yes,2025-09-15
U02614,Basic,19,2025-04-28,No,
U02619,Basic,19,2025-03-26,No,
U02621,Pro,49,2025-04-23,Yes,2025-05-31
U02622,Enterprise,99,2025-02-22,No,
U02624,Basic,19,2025-04-15,No,
U02626,Basic,19,2025-02-21,Yes,2025-03-22
U02628,Enterprise,99,2025-07-01,No,
U02631,Basic,19,2025-02-06,Yes,2025-03-08
U02632,Pro,49,2025-03-21,No,
U02635,Basic,19,2025-04-29,No,
U02636,Basic,19,2025-02-22,Yes,2025-04-30
U02637,Enterprise,99,2025-02-02,No,
U02638,Basic,19,2025-06-03,No,
U02639,Pro,49,2025-05-22,Yes,2025-08-17
U02640,Pro,49,2025-06-06,No,
U02643,Enterprise,99,2025-03-29,No,
U02644,Pro,49,2025-02-26,Yes,2025-05-14
U02647,Enterprise,99,2025-03-08,No,
U02655,Pro,49,2025-06-08,Yes,2025-08-05
U02657,Enterprise,99,2025-01-22,No,
U02658,Enterprise,99,2025-02-04,Yes,2025-04-09
U02660,Pro,49,2025-05-16,No,
U02662,Enterprise,99,2025-04-05,Yes,2025-07-01
U02664,Enterprise,99,2025-01-13,Yes,2025-02-01
U02665,Enterprise,99,2025-04-11,No,
U02668,Pro,49,2025-07-07,Yes,2025-09-18
U02669,Enterprise,99,2025-04-20,Yes,2025-06-04
U02671,Basic,19,2025-02-13,Yes,2025-03-21
U02673,Basic,19,2025-01-17,Yes,2025-02-08
U02675,Enterprise,99,2025-02-15,No,
U02682,Enterprise,99,2025-05-08,No,
U02695,Basic,19,2025-02-09,No,
U02697,Pro,49,2025-02-08,No,
U02699,Basic,19,2025-02-18,No,
U02700,Pro,49,2025-04-02,No,
U02702,Pro,49,2025-01-15,No,
U02705,Enterprise,99,2025-02-26,Yes,2025-03-21
U02706,Basic,19,2025-07-02,No,
U02711,Pro,49,2025-05-10,No,
U02717,Pro,49,2025-05-08,Yes,2025-07-10
U02718,Enterprise,99,2025-04-14,Yes,2025-05-11
U02719,Basic,19,2025-04-27,Yes,2025-07-24
U02721,Enterprise,99,2025-03-08,Yes,2025-05-14
U02722,Basic,19,2025-01-17,No,
U02723,Basic,19,2025-04-30,No,
U02731,Basic,19,2025-05-16,Yes,2025-06-19
U02734,Pro,49,2025-05-18,No,
U02735,Pro,49,2025-04-17,No,
U02736,Basic,19,2025-05-23,No,
U02737,Pro,49,2025-01-22,Yes,2025-03-24
U02739,Pro,49,2025-06-02,Yes,2025-07-19
U02745,Basic,19,2025-02-16,No,
U02746,Pro,49,2025-04-03,No,
U02749,Pro,49,2025-04-24,No,
U02750,Basic,19,2025-06-24,No,
U02752,Enterprise,99,2025-03-25,Yes,2025-04-09
U02755,Basic,19,2025-04-11,No,
U02758,Pro,49,2025-03-11,No,
U02759,Basic,19,2025-02-01,Yes,2025-04-30
U02763,Pro,49,2025-05-06,Yes,2025-06-12
U02766,Basic,19,2025-05-08,Yes,2025-06-25
U02770,Pro,49,2025-04-10,Yes,2025-06-23
U02773,Enterprise,99,2025-06-06,No,
U02782,Pro,49,2025-05-12,No,
U02783,Basic,19,2025-02-13,Yes,2025-05-12
U02784,Basic,19,2025-02-08,Yes,2025-04-10
U02785,Pro,49,2025-03-03,Yes,2025-05-11
U02787,Basic,19,2025-06-26,No,
U02789,Pro,49,2025-05-03,No,
U02790,Enterprise,99,2025-05-28,Yes,2025-08-15
U02791,Basic,19,2025-07-03,Yes,2025-09-10
U02792,Pro,49,2025-03-18,No,
U02798,Enterprise,99,2025-01-16,No,
U02799,Pro,49,2025-04-27,Yes,2025-07-26
U02801,Enterprise,99,2025-04-27,No,
U02802,Enterprise,99,2025-06-07,Yes,2025-07-16
U02803,Enterprise,99,2025-05-06,Yes,2025-05-28
U02804,Pro,49,2025-06-17,No,
U02806,Basic,19,2025-06-26,Yes,2025-08-23
U02807,Basic,19,2025-03-29,Yes,2025-05-01
U02810,Enterprise,99,2025-03-09,Yes,2025-05-19
U02812,Pro,49,2025-03-15,No,
U02813,Pro,49,2025-04-02,Yes,2025-04-25
U02816,Pro,49,2025-06-21,No,
U02821,Basic,19,2025-03-13,Yes,2025-05-18
U02823,Basic,19,2025-01-30,Yes,2025-03-02
U02826,Pro,49,2025-05-13,No,
U02827,Basic,19,2025-06-02,Yes,2025-08-21
U02832,Enterprise,99,2025-06-25,No,
U02836,Enterprise,99,2025-05-30,Yes,2025-08-18
U02837,Pro,49,2025-06-03,No,
U02839,Basic,19,2025-01-20,Yes,2025-04-18
U02842,Basic,19,2025-02-25,Yes,2025-04-06
U02843,Enterprise,99,2025-03-02,Yes,2025-04-12
U02844,Pro,49,2025-02-27,No,
U02847,Pro,49,2025-05-21,Yes,2025-06-25
U02851,Pro,49,2025-05-14,No,
U02854,Basic,19,2025-03-12,Yes,2025-05-30
U02861,Enterprise,99,2025-04-14,No,
U02863,Basic,19,2025-06-07,Yes,2025-08-17
U02868,Pro,49,2025-04-13,Yes,2025-07-05
U02871,Enterprise,99,2025-04-25,No,
U02872,Enterprise,99,2025-06-22,No,
U02873,Enterprise,99,2025-04-26,No,
U02875,Enterprise,99,2025-02-07,Yes,2025-04-11
U02882,Pro,49,2025-01-28,Yes,2025-03-23
U02886,Enterprise,99,2025-05-18,Yes,2025-06-10
U02889,Enterprise,99,2025-02-20,Yes,2025-04-13
U02890,Pro,49,2025-03-03,No,
U02892,Pro,49,2025-01-29,No,
U02893,Enterprise,99,2025-04-15,No,
U02894,Enterprise,99,2025-04-01,Yes,2025-05-31
U02896,Basic,19,2025-05-19,Yes,2025-08-15
U02902,Enterprise,99,2025-01-28,Yes,2025-03-29
U02907,Pro,49,2025-06-26,Yes,2025-08-15
U02913,Enterprise,99,2025-03-26,No,
U02914,Enterprise,99,2025-06-06,Yes,2025-06-30
U02916,Basic,19,2025-05-19,Yes,2025-06-25
U02917,Pro,49,2025-02-25,Yes,2025-04-20
U02918,Pro,49,2025-06-28,Yes,2025-09-25
U02922,Basic,19,2025-04-20,No,
U02923,Pro,49,2025-03-25,No,
U02926,Pro,49,2025-04-22,No,
U02927,Enterprise,99,2025-05-23,Yes,2025-08-09
U02928,Basic,19,2025-04-12,Yes,2025-05-22
U02929,Enterprise,99,2025-02-24,Yes,2025-03-17
U02932,Basic,19,2025-03-16,Yes,2025-05-13
U02935,Enterprise,99,2025-02-17,Yes,2025-04-28
U02937,Pro,49,2025-01-26,No,
U02939,Enterprise,99,2025-02-26,Yes,2025-05-12
U02942,Enterprise,99,2025-01-13,No,
U02944,Pro,49,2025-02-17,No,
U02945,Pro,49,2025-02-15,No,
U02950,Basic,19,2025-03-21,Yes,2025-05-16
U02951,Basic,19,2025-04-14,No,
U02952,Enterprise,99,2025-02-27,No,
U02953,Enterprise,99,2025-01-28,Yes,2025-04-01
U02955,Basic,19,2025-05-09,No,
U02956,Pro,49,2025-03-17,No,
U02957,Enterprise,99,2025-03-14,No,
U02958,Pro,49,2025-05-24,Yes,2025-07-20
U02960,Basic,19,2025-03-24,Yes,2025-06-22
U02964,Pro,49,2025-04-10,Yes,2025-06-08
U02965,Pro,49,2025-03-05,Yes,2025-05-15
U02966,Enterprise,99,2025-05-16,Yes,2025-06-12
U02967,Basic,19,2025-02-16,No,
U02969,Basic,19,2025-01-29,Yes,2025-03-22
U02973,Basic,19,2025-04-16,No,
U02974,Basic,19,2025-06-18,Yes,2025-09-16
U02977,Pro,49,2025-01-20,Yes,2025-02-21
U02979,Enterprise,99,2025-02-19,No,
U02980,Pro,49,2025-04-24,Yes,2025-07-12
U02983,Enterprise,99,2025-04-30,No,
U02984,Enterprise,99,2025-05-01,No,
U02986,Pro,49,2025-05-28,No,
U02989,Enterprise,99,2025-01-15,No,
U02990,Basic,19,2025-02-26,Yes,2025-03-30
U02992,Basic,19,2025-01-23,Yes,2025-02-19
U02996,Basic,19,2025-03-07,No,
U03000,Pro,49,2025-01-09,Yes,2025-02-10
U03001,Enterprise,99,2025-01-13,Yes,2025-02-21
U03002,Basic,19,2025-06-29,Yes,2025-09-24
U03004,Pro,49,2025-03-23,Yes,2025-04-09
U03006,Basic,19,2025-03-28,Yes,2025-04-28
U03007,Basic,19,2025-03-09,Yes,2025-04-26
U03009,Enterprise,99,2025-05-06,Yes,2025-07-05
U03015,Basic,19,2025-05-28,No,
U03017,Pro,49,2025-06-07,No,
U03020,Basic,19,2025-03-21,No,
U03023,Enterprise,99,2025-04-25,Yes,2025-07-24
U03027,Basic,19,2025-02-16,No,
U03028,Enterprise,99,2025-04-20,Yes,2025-06-18
U03029,Basic,19,2025-05-30,No,
U03030,Basic,19,2025-06-19,Yes,2025-08-13
U03033,Basic,19,2025-05-26,Yes,2025-06-11
U03038,Enterprise,99,2025-02-21,Yes,2025-03-25
U03042,Pro,49,2025-04-06,Yes,2025-06-11
U03045,Basic,19,2025-04-22,Yes,2025-05-30
U03046,Enterprise,99,2025-02-10,Yes,2025-04-27
U03055,Enterprise,99,2025-06-26,Yes,2025-09-14
U03056,Enterprise,99,2025-02-18,No,
U03057,Enterprise,99,2025-05-11,Yes,2025-06-20
U03060,Basic,19,2025-06-04,No,
U03064,Enterprise,99,2025-03-12,No,
U03065,Enterprise,99,2025-06-18,No,
U03068,Enterprise,99,2025-04-04,No,
U03070,Enterprise,99,2025-05-09,No,
U03071,Pro,49,2025-01-22,Yes,2025-04-01
U03072,Pro,49,2025-05-28,Yes,2025-06-14
U03076,Enterprise,99,2025-05-09,Yes,2025-05-31
U03077,Enterprise,99,2025-02-05,Yes,2025-04-16
U03080,Basic,19,2025-02-15,Yes,2025-04-30
U03081,Pro,49,2025-02-21,Yes,2025-05-02
U03082,Enterprise,99,2025-05-08,Yes,2025-06-05
U03085,Basic,19,2025-05-31,No,
U03086,Enterprise,99,2025-04-19,No,
U03092,Basic,19,2025-02-03,No,
U03094,Basic,19,2025-03-13,Yes,2025-05-23
U03096,Enterprise,99,2025-01-29,Yes,2025-04-02
U03097,Pro,49,2025-05-24,No,
U03102,Basic,19,2025-03-28,No,
U03103,Pro,49,2025-06-04,No,
U03107,Pro,49,2025-06-25,Yes,2025-09-09
U03110,Pro,49,2025-04-07,Yes,2025-05-15
U03111,Enterprise,99,2025-04-04,No,
U03113,Pro,49,2025-04-24,Yes,2025-05-10
U03116,Basic,19,2025-03-26,No,
U03117,Basic,19,2025-06-13,Yes,2025-08-07
U03125,Enterprise,99,2025-04-04,No,
U03126,Basic,19,2025-04-10,Yes,2025-05-11
U03127,Enterprise,99,2025-03-14,Yes,2025-05-23
U03129,Enterprise,99,2025-01-18,No,
U03130,Basic,19,2025-06-18,No,
U03131,Basic,19,2025-06-08,No,
U03132,Basic,19,2025-05-18,No,
U03133,Enterprise,99,2025-04-06,No,
U03136,Pro,49,2025-01-24,Yes,2025-03-27
U03137,Basic,19,2025-05-21,No,
U03138,Pro,49,2025-05-11,Yes,2025-06-28
U03142,Pro,49,2025-04-17,Yes,2025-06-22
U03147,Enterprise,99,2025-04-27,Yes,2025-05-25
U03148,Basic,19,2025-03-11,Yes,2025-04-25
U03149,Pro,49,2025-06-18,No,
U03151,Pro,49,2025-05-07,No,
U03153,Pro,49,2025-03-18,Yes,2025-06-15
U03156,Basic,19,2025-04-21,Yes,2025-06-24
U03157,Basic,19,2025-03-09,Yes,2025-04-23
U03159,Basic,19,2025-04-17,No,
U03167,Pro,49,2025-02-23,Yes,2025-05-24
U03169,Enterprise,99,2025-02-04,No,
U03171,Enterprise,99,2025-04-02,Yes,2025-06-04
U03177,Pro,49,2025-03-16,No,
U03178,Pro,49,2025-06-02,Yes,2025-07-06
U03179,Enterprise,99,2025-05-31,No,
U03180,Enterprise,99,2025-06-13,Yes,2025-08-20
U03189,Enterprise,99,2025-02-11,Yes,2025-04-16
U03190,Pro,49,2025-03-10,No,
U03192,Enterprise,99,2025-04-28,No,
U03193,Enterprise,99,2025-02-15,No,
U03197,Pro,49,2025-05-31,No,
U03198,Enterprise,99,2025-02-17,Yes,2025-04-28
U03204,Enterprise,99,2025-01-28,No,
U03205,Basic,19,2025-04-11,No,
U03206,Pro,49,2025-03-05,Yes,2025-05-13
U03207,Basic,19,2025-01-30,Yes,2025-04-06
U03208,Basic,19,2025-03-27,Yes,2025-06-06
U03210,Basic,19,2025-03-31,No,
U03212,Basic,19,2025-02-24,No,
U03214,Basic,19,2025-05-24,No,
U03219,Basic,19,2025-02-26,Yes,2025-04-23
U03220,Enterprise,99,2025-06-25,No,
U03226,Basic,19,2025-05-16,No,
U03232,Basic,19,2025-02-24,No,
U03238,Enterprise,99,2025-04-01,No,
U03239,Pro,49,2025-06-05,Yes,2025-08-01
U03244,Basic,19,2025-04-18,No,
U03245,Pro,49,2025-05-17,Yes,2025-06-03
U03249,Basic,19,2025-02-07,Yes,2025-05-03
U03250,Enterprise,99,2025-04-26,No,
U03253,Basic,19,2025-06-09,No,
U03257,Basic,19,2025-06-15,Yes,2025-08-01
U03260,Basic,19,2025-01-12,No,
U03265,Pro,49,2025-05-29,No,
U03269,Basic,19,2025-04-20,Yes,2025-06-15
U03270,Basic,19,2025-06-04,No,
U03273,Enterprise,99,2025-01-26,No,
U03275,Enterprise,99,2025-04-27,No,
U03276,Pro,49,2025-03-19,No,
U03277,Pro,49,2025-01-31,Yes,2025-04-18
U03280,Enterprise,99,2025-03-31,Yes,2025-05-26
U03283,Enterprise,99,2025-03-13,No,
U03284,Enterprise,99,2025-06-11,Yes,2025-07-27
U03288,Basic,19,2025-04-01,Yes,2025-05-30
U03289,Enterprise,99,2025-05-30,Yes,2025-07-11
U03292,Basic,19,2025-03-18,No,
U03295,Enterprise,99,2025-05-11,Yes,2025-06-13
U03297,Enterprise,99,2025-02-12,Yes,2025-05-12
U03300,Enterprise,99,2025-05-17,No,
U03302,Enterprise,99,2025-06-03,No,
U03311,Pro,49,2025-06-03,Yes,2025-07-04
U03312,Pro,49,2025-06-06,Yes,2025-09-02
U03313,Enterprise,99,2025-04-12,No,
U03316,Pro,49,2025-05-03,Yes,2025-05-25
U03319,Enterprise,99,2025-06-23,No,
U03320,Basic,19,2025-03-03,No,
U03323,Pro,49,2025-03-06,No,
U03325,Enterprise,99,2025-03-23,Yes,2025-06-01
U03326,Enterprise,99,2025-07-04,No,
U03327,Basic,19,2025-05-21,Yes,2025-06-23
U03330,Pro,49,2025-03-10,No,
U03331,Enterprise,99,2025-04-10,Yes,2025-07-08
U03332,Pro,49,2025-06-05,No,
U03335,Basic,19,2025-03-01,No,
U03336,Pro,49,2025-01-17,No,
U03337,Pro,49,2025-06-03,No,
U03338,Basic,19,2025-03-07,No,
U03340,Pro,49,2025-04-21,No,
U03341,Enterprise,99,2025-02-01,Yes,2025-04-28
U03343,Pro,49,2025-02-14,Yes,2025-03-07
U03346,Basic,19,2025-02-28,Yes,2025-04-18
U03353,Enterprise,99,2025-06-07,No,
U03357,Basic,19,2025-04-28,Yes,2025-07-06
U03359,Pro,49,2025-06-18,No,
U03360,Enterprise,99,2025-05-23,Yes,2025-06-13
U03361,Enterprise,99,2025-04-12,No,
U03363,Basic,19,2025-03-03,Yes,2025-04-02
U03365,Enterprise,99,2025-04-25,Yes,2025-05-26
U03366,Enterprise,99,2025-05-16,Yes,2025-08-14
U03370,Enterprise,99,2025-02-15,No,
U03374,Enterprise,99,2025-03-12,No,
U03375,Basic,19,2025-07-03,No,
U03376,Basic,19,2025-04-18,No,
U03377,Pro,49,2025-03-13,Yes,2025-06-09
U03380,Basic,19,2025-05-09,No,
U03386,Pro,49,2025-05-18,No,
U03390,Pro,49,2025-01-28,Yes,2025-03-11
U03392,Basic,19,2025-05-10,No,
U03393,Pro,49,2025-04-22,Yes,2025-06-12
U03395,Basic,19,2025-03-18,Yes,2025-05-13
U03396,Basic,19,2025-04-25,Yes,2025-07-09
U03397,Basic,19,2025-03-13,Yes,2025-04-14
U03398,Pro,49,2025-07-05,No,
U03403,Pro,49,2025-06-17,Yes,2025-07-04
U03405,Enterprise,99,2025-05-03,No,
U03406,Basic,19,2025-05-24,Yes,2025-08-21
U03407,Pro,49,2025-02-11,No,
U03408,Enterprise,99,2025-05-01,Yes,2025-07-04
U03415,Enterprise,99,2025-06-27,No,
U03418,Basic,19,2025-01-12,No,
U03421,Pro,49,2025-05-07,Yes,2025-05-25
U03422,Pro,49,2025-07-05,No,
U03423,Pro,49,2025-04-20,No,
U03425,Basic,19,2025-01-06,Yes,2025-03-27
U03426,Basic,19,2025-07-03,No,
U03428,Basic,19,2025-05-03,No,
U03429,Pro,49,2025-06-17,No,
U03432,Enterprise,99,2025-03-22,Yes,2025-05-16
U03433,Enterprise,99,2025-03-13,Yes,2025-04-07
U03435,Pro,49,2025-01-26,No,
U03439,Basic,19,2025-04-26,No,
U03440,Enterprise,99,2025-07-01,Yes,2025-09-16
U03444,Basic,19,2025-03-22,Yes,2025-05-18
U03445,Basic,19,2025-04-16,No,
U03446,Basic,19,2025-02-26,Yes,2025-03-14
U03447,Basic,19,2025-06-11,Yes,2025-06-30
U03448,Basic,19,2025-03-28,No,
U03452,Enterprise,99,2025-05-26,No,
U03453,Basic,19,2025-03-07,Yes,2025-04-28
U03455,Basic,19,2025-05-07,Yes,2025-07-29
U03458,Basic,19,2025-05-26,No,
U03459,Basic,19,2025-06-17,Yes,2025-08-27
U03460,Enterprise,99,2025-01-31,No,
U03463,Pro,49,2025-02-06,No,
U03466,Basic,19,2025-05-25,No,
U03468,Basic,19,2025-04-27,Yes,2025-05-17
U03469,Basic,19,2025-06-12,Yes,2025-08-28
U03472,Basic,19,2025-01-10,No,
U03473,Basic,19,2025-01-13,Yes,2025-04-10
U03474,Pro,49,2025-01-21,Yes,2025-02-07
U03475,Enterprise,99,2025-04-10,Yes,2025-05-09
U03476,Enterprise,99,2025-03-12,No,
U03477,Pro,49,2025-03-06,No,
U03484,Pro,49,2025-05-16,No,
U03492,Pro,49,2025-02-05,Yes,2025-04-28
U03493,Enterprise,99,2025-06-10,No,
U03494,Basic,19,2025-04-30,Yes,2025-06-27
U03495,Pro,49,2025-05-11,No,
U03497,Basic,19,2025-04-25,No,
U03498,Enterprise,99,2025-06-15,No,
U03500,Basic,19,2025-01-28,Yes,2025-03-27
U03502,Basic,19,2025-04-29,Yes,2025-06-29
U03503,Pro,49,2025-02-26,Yes,2025-04-04
U03505,Basic,19,2025-04-28,Yes,2025-05-20
U03506,Pro,49,2025-02-14,Yes,2025-03-01
U03507,Basic,19,2025-05-27,No,
U03509,Pro,49,2025-06-03,Yes,2025-07-14
U03513,Pro,49,2025-02-17,Yes,2025-04-21
U03514,Enterprise,99,2025-02-04,No,
U03515,Pro,49,2025-03-09,Yes,2025-04-08
U03516,Enterprise,99,2025-07-06,Yes,2025-08-03
U03527,Basic,19,2025-04-28,Yes,2025-05-23
U03528,Pro,49,2025-04-05,Yes,2025-06-11
U03529,Pro,49,2025-05-19,Yes,2025-08-04
U03532,Basic,19,2025-04-15,Yes,2025-05-23
U03539,Enterprise,99,2025-06-14,No,
U03542,Basic,19,2025-04-18,No,
U03545,Enterprise,99,2025-05-14,No,
U03551,Pro,49,2025-02-16,Yes,2025-03-28
U03556,Basic,19,2025-06-22,Yes,2025-08-13
U03562,Enterprise,99,2025-03-28,Yes,2025-04-20
U03566,Pro,49,2025-05-24,No,
U03568,Pro,49,2025-02-23,No,
U03569,Enterprise,99,2025-06-27,Yes,2025-08-08
U03570,Pro,49,2025-03-02,Yes,2025-05-06
U03573,Basic,19,2025-05-30,No,
U03574,Enterprise,99,2025-06-14,No,
U03575,Pro,49,2025-02-28,Yes,2025-03-16
U03579,Basic,19,2025-05-12,Yes,2025-06-19
U03582,Basic,19,2025-04-09,Yes,2025-06-08
U03584,Enterprise,99,2025-03-06,No,
U03588,Enterprise,99,2025-06-10,No,
U03591,Enterprise,99,2025-04-06,Yes,2025-04-23
U03596,Basic,19,2025-03-23,Yes,2025-06-01
U03600,Basic,19,2025-01-18,Yes,2025-03-15
U03607,Pro,49,2025-04-02,Yes,2025-04-21
U03609,Basic,19,2025-03-09,No,
U03610,Basic,19,2025-01-23,Yes,2025-03-12
U03614,Enterprise,99,2025-01-07,Yes,2025-03-25
U03618,Pro,49,2025-04-21,Yes,2025-05-31
U03619,Pro,49,2025-03-24,No,
U03621,Pro,49,2025-06-17,No,
U03624,Basic,19,2025-07-03,Yes,2025-08-25
U03628,Pro,49,2025-04-08,Yes,2025-06-28
U03629,Enterprise,99,2025-07-07,Yes,2025-08-13
U03630,Enterprise,99,2025-04-21,No,
U03631,Basic,19,2025-02-24,No,
U03637,Basic,19,2025-05-23,Yes,2025-08-06
U03642,Pro,49,2025-02-06,No,
U03645,Pro,49,2025-06-13,Yes,2025-08-06
U03650,Pro,49,2025-03-13,No,
U03651,Pro,49,2025-04-13,Yes,2025-05-05
U03653,Pro,49,2025-06-19,Yes,2025-08-30
U03659,Basic,19,2025-02-08,No,
U03660,Pro,49,2025-02-11,Yes,2025-04-08
U03667,Pro,49,2025-02-27,No,
U03673,Basic,19,2025-06-11,Yes,2025-08-29
U03675,Pro,49,2025-02-11,No,
U03679,Enterprise,99,2025-04-07,Yes,2025-05-26
U03681,Basic,19,2025-04-06,No,
U03683,Pro,49,2025-01-11,No,
U03685,Enterprise,99,2025-06-16,Yes,2025-07-28
U03687,Pro,49,2025-05-19,No,
U03691,Pro,49,2025-05-18,Yes,2025-07-01
U03693,Basic,19,2025-06-17,No,
U03697,Basic,19,2025-03-07,Yes,2025-05-05
U03698,Basic,19,2025-05-29,Yes,2025-08-02
U03699,Enterprise,99,2025-03-31,No,
U03701,Basic,19,2025-02-18,Yes,2025-03-20
U03702,Enterprise,99,2025-06-29,No,
U03704,Pro,49,2025-01-11,No,
U03705,Pro,49,2025-06-26,No,
U03706,Basic,19,2025-01-24,Yes,2025-04-04
U03707,Pro,49,2025-06-16,Yes,2025-08-07
U03710,Enterprise,99,2025-07-06,No,
U03712,Enterprise,99,2025-03-08,No,
U03713,Basic,19,2025-02-09,No,
U03714,Enterprise,99,2025-01-11,No,
U03715,Basic,19,2025-03-13,Yes,2025-05-30
U03722,Basic,19,2025-02-25,No,
U03723,Basic,19,2025-07-07,Yes,2025-07-24
U03726,Basic,19,2025-06-11,No,
U03732,Pro,49,2025-06-25,No,
U03737,Basic,19,2025-04-26,No,
U03738,Basic,19,2025-06-08,Yes,2025-08-01
U03739,Enterprise,99,2025-06-16,No,
U03741,Pro,49,2025-05-23,No,
U03742,Basic,19,2025-02-03,Yes,2025-03-28
U03743,Basic,19,2025-04-21,Yes,2025-05-20
U03747,Enterprise,99,2025-04-28,No,
U03750,Basic,19,2025-06-08,Yes,2025-07-02
U03751,Enterprise,99,2025-01-25,No,
U03752,Enterprise,99,2025-02-24,No,
U03754,Pro,49,2025-03-02,Yes,2025-05-30
U03760,Enterprise,99,2025-02-11,No,
U03762,Pro,49,2025-07-07,No,
U03772,Enterprise,99,2025-04-05,No,
U03774,Basic,19,2025-04-15,No,
U03775,Basic,19,2025-02-06,Yes,2025-04-24
U03776,Enterprise,99,2025-02-13,Yes,2025-05-07
U03777,Pro,49,2025-03-05,Yes,2025-05-13
U03779,Enterprise,99,2025-03-05,No,
U03780,Basic,19,2025-07-06,Yes,2025-08-31
U03784,Enterprise,99,2025-01-30,Yes,2025-04-11
U03785,Pro,49,2025-01-06,Yes,2025-02-05
U03790,Enterprise,99,2025-03-31,No,
U03794,Pro,49,2025-04-12,Yes,2025-07-05
U03796,Basic,19,2025-01-31,Yes,2025-03-13
U03802,Enterprise,99,2025-05-31,No,
U03803,Pro,49,2025-06-14,No,
U03804,Basic,19,2025-03-13,No,
U03806,Basic,19,2025-06-16,No,
U03811,Enterprise,99,2025-02-27,No,
U03814,Pro,49,2025-06-08,Yes,2025-07-29
U03818,Enterprise,99,2025-06-08,No,
U03819,Enterprise,99,2025-02-04,No,
U03823,Basic,19,2025-01-29,Yes,2025-03-24
U03829,Pro,49,2025-05-17,No,
U03832,Pro,49,2025-03-22,Yes,2025-05-23
U03833,Basic,19,2025-04-02,No,
U03837,Enterprise,99,2025-01-19,No,
U03839,Basic,19,2025-05-04,Yes,2025-06-15
U03840,Enterprise,99,2025-04-29,Yes,2025-06-15
U03846,Enterprise,99,2025-06-04,Yes,2025-07-30
U03847,Enterprise,99,2025-02-10,No,
U03849,Enterprise,99,2025-02-16,Yes,2025-03-26
U03853,Enterprise,99,2025-04-01,Yes,2025-06-03
U03854,Pro,49,2025-03-20,No,
U03855,Pro,49,2025-03-19,Yes,2025-04-08
U03860,Basic,19,2025-01-31,No,
U03861,Basic,19,2025-06-18,No,
U03862,Basic,19,2025-05-03,Yes,2025-06-15
U03868,Basic,19,2025-06-26,Yes,2025-09-12
U03869,Basic,19,2025-02-01,Yes,2025-02-25
U03874,Pro,49,2025-06-13,No,
U03878,Basic,19,2025-07-07,No,
U03882,Basic,19,2025-02-22,No,
U03883,Basic,19,2025-03-30,Yes,2025-06-20
U03885,Pro,49,2025-01-24,Yes,2025-02-23
U03886,Enterprise,99,2025-06-27,No,
U03887,Basic,19,2025-05-22,No,
U03888,Pro,49,2025-02-15,Yes,2025-04-12
U03889,Pro,49,2025-05-03,Yes,2025-06-09
U03891,Basic,19,2025-02-15,No,
U03893,Basic,19,2025-02-14,Yes,2025-03-31
U03895,Pro,49,2025-06-22,Yes,2025-08-20
U03896,Basic,19,2025-03-18,Yes,2025-04-03
U03898,Enterprise,99,2025-02-07,Yes,2025-04-03
U03900,Basic,19,2025-03-21,Yes,2025-05-16
U03903,Pro,49,2025-05-23,No,
U03905,Basic,19,2025-03-01,Yes,2025-05-13
U03914,Pro,49,2025-03-04,No,
U03915,Pro,49,2025-02-14,Yes,2025-03-03
U03917,Pro,49,2025-06-07,Yes,2025-07-06
U03919,Pro,49,2025-04-07,Yes,2025-05-06
U03920,Basic,19,2025-04-30,No,
U03921,Enterprise,99,2025-06-04,No,
U03923,Basic,19,2025-04-24,No,
U03925,Enterprise,99,2025-05-28,No,
U03927,Basic,19,2025-06-20,Yes,2025-07-29
U03928,Pro,49,2025-03-07,No,
U03929,Basic,19,2025-02-20,No,
U03931,Pro,49,2025-03-16,No,
U03933,Pro,49,2025-05-02,No,
U03941,Enterprise,99,2025-04-21,Yes,2025-07-16
U03942,Basic,19,2025-02-08,No,
U03947,Pro,49,2025-07-03,Yes,2025-09-16
U03948,Enterprise,99,2025-07-08,No,
U03952,Basic,19,2025-03-16,No,
U03953,Pro,49,2025-01-17,Yes,2025-02-26
U03956,Enterprise,99,2025-04-21,Yes,2025-07-10
U03957,Basic,19,2025-06-01,No,
U03966,Enterprise,99,2025-06-13,Yes,2025-07-18
U03971,Basic,19,2025-05-10,No,
U03974,Pro,49,2025-02-14,Yes,2025-05-06
U03976,Pro,49,2025-05-14,No,
U03981,Basic,19,2025-05-17,No,
U03982,Basic,19,2025-03-12,No,
U03985,Pro,49,2025-02-20,Yes,2025-04-30
U03986,Enterprise,99,2025-03-29,No,
U03990,Pro,49,2025-04-29,Yes,2025-06-30
U03993,Enterprise,99,2025-04-19,No,
U04002,Enterprise,99,2025-02-15,Yes,2025-03-02
U04003,Pro,49,2025-07-03,Yes,2025-07-24
U04009,Pro,49,2025-03-09,No,
U04013,Enterprise,99,2025-04-13,No,
U04015,Basic,19,2025-07-04,No,
U04017,Pro,49,2025-01-10,Yes,2025-03-30
U04018,Enterprise,99,2025-07-09,Yes,2025-08-30
U04023,Pro,49,2025-02-04,Yes,2025-02-21
U04024,Pro,49,2025-06-18,Yes,2025-08-31
U04025,Pro,49,2025-06-18,Yes,2025-08-20
U04026,Pro,49,2025-03-21,No,
U04029,Basic,19,2025-05-02,Yes,2025-06-08
U04031,Pro,49,2025-02-25,No,
U04034,Basic,19,2025-06-26,Yes,2025-07-20
U04036,Basic,19,2025-06-26,Yes,2025-08-11
U04037,Enterprise,99,2025-02-14,Yes,2025-04-20
U04038,Pro,49,2025-04-15,Yes,2025-05-25
U04039,Enterprise,99,2025-01-14,Yes,2025-02-25
U04041,Basic,19,2025-01-27,Yes,2025-03-22
U04044,Pro,49,2025-01-19,No,
U04049,Pro,49,2025-06-17,Yes,2025-08-16
U04051,Basic,19,2025-04-11,No,
U04052,Basic,19,2025-04-26,No,
U04053,Basic,19,2025-03-19,No,
U04055,Basic,19,2025-04-14,No,
U04057,Pro,49,2025-03-08,Yes,2025-04-11
U04059,Basic,19,2025-03-30,Yes,2025-05-14
U04060,Basic,19,2025-04-30,No,
U04063,Basic,19,2025-02-24,Yes,2025-04-06
U04065,Basic,19,2025-06-19,Yes,2025-09-15
U04068,Pro,49,2025-03-26,Yes,2025-05-04
U04069,Enterprise,99,2025-07-02,No,
U04070,Pro,49,2025-04-01,Yes,2025-04-28
U04072,Pro,49,2025-02-07,Yes,2025-03-12
U04074,Basic,19,2025-01-24,Yes,2025-03-10
U04075,Basic,19,2025-06-04,No,
U04079,Enterprise,99,2025-06-01,Yes,2025-06-19
U04081,Enterprise,99,2025-07-07,No,
U04083,Basic,19,2025-03-22,Yes,2025-04-20
U04084,Pro,49,2025-04-30,No,
U04088,Basic,19,2025-06-13,Yes,2025-08-19
U04089,Pro,49,2025-01-12,Yes,2025-02-27
U04091,Enterprise,99,2025-05-27,No,
U04094,Enterprise,99,2025-01-27,Yes,2025-03-16
U04101,Basic,19,2025-03-25,Yes,2025-05-31
U04106,Pro,49,2025-03-14,Yes,2025-04-01
U04107,Enterprise,99,2025-04-08,No,
U04109,Basic,19,2025-01-15,Yes,2025-02-19
U04115,Basic,19,2025-04-24,Yes,2025-07-11
U04117,Enterprise,99,2025-05-23,No,
U04120,Basic,19,2025-06-27,No,
U04123,Pro,49,2025-04-04,No,
U04124,Basic,19,2025-02-14,Yes,2025-04-03
U04125,Basic,19,2025-06-15,Yes,2025-08-23
U04126,Enterprise,99,2025-03-12,No,
U04127,Pro,49,2025-01-11,Yes,2025-03-13
U04128,Pro,49,2025-04-18,No,
U04133,Basic,19,2025-03-08,Yes,2025-04-14
U04134,Pro,49,2025-05-06,No,
U04137,Basic,19,2025-04-08,Yes,2025-05-09
U04139,Enterprise,99,2025-07-06,Yes,2025-10-01
U04144,Enterprise,99,2025-06-26,No,
U04145,Pro,49,2025-02-11,No,
U04146,Pro,49,2025-04-27,No,
U04149,Pro,49,2025-04-04,Yes,2025-05-01
U04150,Pro,49,2025-06-11,No,
U04153,Basic,19,2025-04-29,Yes,2025-07-22
U04158,Pro,49,2025-06-11,No,
U04159,Pro,49,2025-07-04,Yes,2025-08-04
U04165,Enterprise,99,2025-05-19,Yes,2025-07-05
U04172,Enterprise,99,2025-02-11,Yes,2025-03-09
U04175,Basic,19,2025-03-06,Yes,2025-03-29
U04176,Enterprise,99,2025-05-17,Yes,2025-06-23
U04178,Pro,49,2025-03-10,No,
U04182,Pro,49,2025-01-16,No,
U04183,Enterprise,99,2025-04-22,No,
U04186,Enterprise,99,2025-06-05,No,
U04189,Pro,49,2025-03-14,Yes,2025-05-23
U04190,Basic,19,2025-04-11,Yes,2025-05-09
U04191,Basic,19,2025-04-11,No,
U04192,Basic,19,2025-04-23,Yes,2025-07-15
U04194,Pro,49,2025-03-24,Yes,2025-04-11
U04195,Enterprise,99,2025-03-12,No,
U04200,Pro,49,2025-02-09,No,
U04201,Pro,49,2025-01-31,No,
U04204,Basic,19,2025-01-17,Yes,2025-04-10
U04215,Pro,49,2025-02-14,Yes,2025-04-12
U04216,Enterprise,99,2025-06-25,Yes,2025-09-13
U04219,Pro,49,2025-05-25,No,
U04222,Pro,49,2025-02-11,Yes,2025-05-08
U04223,Enterprise,99,2025-05-25,Yes,2025-08-20
U04224,Basic,19,2025-03-10,No,
U04226,Pro,49,2025-05-30,Yes,2025-06-14
U04228,Pro,49,2025-05-30,Yes,2025-07-03
U04231,Enterprise,99,2025-06-23,No,
U04234,Enterprise,99,2025-02-15,Yes,2025-05-04
U04238,Basic,19,2025-03-30,Yes,2025-05-20
U04239,Basic,19,2025-02-07,No,
U04241,Basic,19,2025-03-24,No,
U04243,Basic,19,2025-03-19,No,
U04246,Enterprise,99,2025-03-01,Yes,2025-03-30
U04250,Basic,19,2025-02-25,No,
U04256,Enterprise,99,2025-01-29,No,
U04257,Basic,19,2025-06-20,Yes,2025-07-28
U04262,Pro,49,2025-04-19,Yes,2025-06-22
U04265,Pro,49,2025-06-17,No,
U04267,Basic,19,2025-05-19,No,
U04269,Pro,49,2025-07-04,Yes,2025-09-06
U04270,Pro,49,2025-02-12,No,
U04271,Enterprise,99,2025-05-01,No,
U04272,Enterprise,99,2025-03-12,Yes,2025-06-07
U04275,Pro,49,2025-02-16,Yes,2025-03-05
U04282,Basic,19,2025-04-13,Yes,2025-05-23
U04287,Enterprise,99,2025-06-15,Yes,2025-09-05
U04290,Basic,19,2025-05-26,No,
U04294,Pro,49,2025-01-07,Yes,2025-02-20
U04302,Enterprise,99,2025-01-23,No,
U04303,Pro,49,2025-05-17,No,
U04305,Pro,49,2025-04-07,Yes,2025-06-22
U04308,Pro,49,2025-03-08,Yes,2025-06-02
U04309,Pro,49,2025-02-01,No,
U04310,Enterprise,99,2025-02-12,No,
U04312,Enterprise,99,2025-03-12,Yes,2025-04-28
U04314,Enterprise,99,2025-03-17,No,
U04315,Enterprise,99,2025-03-12,No,
U04317,Basic,19,2025-05-03,No,
U04322,Basic,19,2025-04-13,No,
U04323,Basic,19,2025-03-05,No,
U04325,Enterprise,99,2025-05-14,No,
U04326,Enterprise,99,2025-04-26,Yes,2025-05-14
U04328,Pro,49,2025-06-24,Yes,2025-07-22
U04330,Pro,49,2025-05-29,Yes,2025-07-10
U04334,Pro,49,2025-03-28,No,
U04338,Enterprise,99,2025-05-14,No,
U04343,Enterprise,99,2025-06-24,Yes,2025-09-21
U04344,Enterprise,99,2025-06-04,Yes,2025-08-23
U04347,Pro,49,2025-01-24,Yes,2025-02-26
U04349,Pro,49,2025-04-29,No,
U04350,Basic,19,2025-06-08,No,
U04351,Enterprise,99,2025-04-24,No,
U04354,Enterprise,99,2025-03-10,No,
U04356,Pro,49,2025-06-14,Yes,2025-07-06
U04358,Basic,19,2025-04-26,No,
U04362,Pro,49,2025-02-16,Yes,2025-05-16
U04363,Enterprise,99,2025-05-01,No,
U04366,Basic,19,2025-02-05,Yes,2025-03-15
U04378,Pro,49,2025-05-27,No,
U04385,Pro,49,2025-05-18,Yes,2025-07-23
U04387,Pro,49,2025-03-10,No,
U04393,Pro,49,2025-01-11,Yes,2025-02-12
U04395,Enterprise,99,2025-06-04,No,
U04396,Pro,49,2025-02-16,No,
U04405,Pro,49,2025-02-11,No,
U04406,Enterprise,99,2025-06-16,No,
U04407,Basic,19,2025-02-16,No,
U04413,Enterprise,99,2025-04-08,No,
U04414,Enterprise,99,2025-01-21,No,
U04422,Pro,49,2025-01-17,Yes,2025-03-04
U04424,Basic,19,2025-03-21,Yes,2025-05-09
U04430,Enterprise,99,2025-03-09,Yes,2025-05-13
U04431,Pro,49,2025-04-06,No,
U04434,Basic,19,2025-04-24,Yes,2025-07-07
U04438,Pro,49,2025-04-21,No,
U04439,Pro,49,2025-04-22,No,
U04441,Basic,19,2025-04-02,No,
U04442,Basic,19,2025-02-05,Yes,2025-04-23
U04446,Basic,19,2025-03-07,No,
U04448,Pro,49,2025-02-03,No,
U04450,Enterprise,99,2025-03-30,Yes,2025-05-26
U04453,Enterprise,99,2025-05-27,No,
U04454,Pro,49,2025-01-31,Yes,2025-03-16
U04455,Enterprise,99,2025-06-15,Yes,2025-08-23
U04457,Pro,49,2025-03-02,Yes,2025-04-18
U04463,Basic,19,2025-06-19,Yes,2025-09-15
U04465,Enterprise,99,2025-02-14,Yes,2025-03-14
U04469,Pro,49,2025-05-14,No,
U04470,Basic,19,2025-02-03,Yes,2025-02-25
U04471,Pro,49,2025-04-13,No,
U04472,Pro,49,2025-05-26,Yes,2025-07-27
U04475,Enterprise,99,2025-01-06,No,
U04486,Pro,49,2025-04-12,No,
U04489,Basic,19,2025-04-01,Yes,2025-06-02
U04492,Basic,19,2025-04-03,Yes,2025-05-03
U04494,Pro,49,2025-02-18,No,
U04495,Enterprise,99,2025-03-21,No,
U04496,Basic,19,2025-03-06,Yes,2025-05-20
U04507,Basic,19,2025-04-07,Yes,2025-05-10
U04510,Enterprise,99,2025-06-26,No,
U04514,Enterprise,99,2025-01-22,No,
U04518,Enterprise,99,2025-01-28,Yes,2025-02-12
U04521,Pro,49,2025-05-10,No,
U04523,Enterprise,99,2025-02-18,Yes,2025-04-02
U04525,Pro,49,2025-05-17,Yes,2025-06-07
U04527,Enterprise,99,2025-04-08,No,
U04528,Enterprise,99,2025-01-19,No,
U04538,Pro,49,2025-04-04,No,
U04546,Enterprise,99,2025-01-16,No,
U04548,Pro,49,2025-04-22,Yes,2025-06-16
U04549,Enterprise,99,2025-04-04,Yes,2025-06-22
U04550,Enterprise,99,2025-06-01,Yes,2025-07-29
U04551,Basic,19,2025-01-14,Yes,2025-03-24
U04554,Pro,49,2025-06-13,No,
U04557,Pro,49,2025-02-13,No,
U04558,Enterprise,99,2025-04-02,Yes,2025-06-29
U04559,Pro,49,2025-01-29,No,
U04560,Basic,19,2025-03-31,No,
U04561,Enterprise,99,2025-04-10,No,
U04563,Pro,49,2025-01-24,Yes,2025-02-14
U04566,Pro,49,2025-03-08,Yes,2025-03-31
U04570,Pro,49,2025-07-06,No,
U04572,Pro,49,2025-06-23,No,
U04574,Pro,49,2025-06-14,No,
U04575,Enterprise,99,2025-03-18,No,
U04579,Enterprise,99,2025-01-21,Yes,2025-03-25
U04580,Enterprise,99,2025-01-14,No,
U04581,Basic,19,2025-01-21,No,
U04583,Basic,19,2025-02-09,No,
U04584,Enterprise,99,2025-05-07,Yes,2025-06-25
U04585,Basic,19,2025-02-19,Yes,2025-05-05
U04586,Pro,49,2025-02-03,No,
U04589,Basic,19,2025-06-09,Yes,2025-08-29
U04590,Enterprise,99,2025-03-16,Yes,2025-06-13
U04596,Enterprise,99,2025-02-07,Yes,2025-03-16
U04597,Enterprise,99,2025-05-26,No,
U04602,Enterprise,99,2025-05-05,Yes,2025-06-05
U04603,Pro,49,2025-05-10,Yes,2025-07-05
U04605,Enterprise,99,2025-03-27,No,
U04606,Enterprise,99,2025-04-17,No,
U04607,Pro,49,2025-07-03,Yes,2025-07-23
U04609,Enterprise,99,2025-01-14,Yes,2025-04-11
U04617,Pro,49,2025-04-23,Yes,2025-07-01
U04618,Basic,19,2025-04-26,Yes,2025-05-29
U04620,Pro,49,2025-05-22,Yes,2025-08-20
U04621,Enterprise,99,2025-06-27,Yes,2025-08-22
U04622,Enterprise,99,2025-03-06,Yes,2025-03-24
U04624,Basic,19,2025-05-21,No,
U04625,Enterprise,99,2025-02-18,No,
U04626,Pro,49,2025-03-08,No,
U04629,Pro,49,2025-03-03,Yes,2025-04-04
U04633,Pro,49,2025-03-17,Yes,2025-04-23
U04634,Pro,49,2025-03-31,Yes,2025-05-14
U04636,Pro,49,2025-04-24,No,
U04638,Enterprise,99,2025-03-01,No,
U04639,Basic,19,2025-01-31,Yes,2025-04-04
U04640,Pro,49,2025-03-22,Yes,2025-04-18
U04641,Enterprise,99,2025-05-30,Yes,2025-08-26
U04643,Basic,19,2025-01-18,No,
U04645,Basic,19,2025-02-12,Yes,2025-02-27
U04646,Basic,19,2025-02-19,Yes,2025-04-19
U04647,Enterprise,99,2025-04-20,Yes,2025-06-29
U04649,Pro,49,2025-02-05,No,
U04652,Pro,49,2025-04-11,Yes,2025-06-19
U04654,Enterprise,99,2025-05-19,Yes,2025-07-18
U04657,Enterprise,99,2025-01-13,Yes,2025-03-09
U04660,Enterprise,99,2025-03-24,Yes,2025-06-21
U04662,Basic,19,2025-05-09,No,
U04664,Enterprise,99,2025-07-08,No,
U04665,Pro,49,2025-06-22,No,
U04666,Pro,49,2025-04-02,Yes,2025-04-18
U04668,Pro,49,2025-03-03,Yes,2025-03-31
U04669,Basic,19,2025-06-06,No,
U04670,Enterprise,99,2025-04-11,No,
U04672,Enterprise,99,2025-04-25,No,
U04673,Enterprise,99,2025-03-29,No,
U04676,Basic,19,2025-07-02,Yes,2025-09-25
U04678,Basic,19,2025-05-16,Yes,2025-07-17
U04679,Pro,49,2025-03-26,Yes,2025-05-03
U04680,Enterprise,99,2025-04-29,No,
U04683,Enterprise,99,2025-01-19,No,
U04685,Enterprise,99,2025-05-11,No,
U04690,Pro,49,2025-07-03,No,
U04696,Enterprise,99,2025-05-01,Yes,2025-07-18
U04700,Basic,19,2025-04-20,No,
U04703,Basic,19,2025-05-02,No,
U04707,Pro,49,2025-03-27,No,
U04709,Pro,49,2025-04-16,No,
U04710,Basic,19,2025-05-21,No,
U04714,Enterprise,99,2025-02-12,No,
U04718,Pro,49,2025-05-10,No,
U04720,Pro,49,2025-01-08,No,
U04727,Enterprise,99,2025-04-11,Yes,2025-04-29
U04728,Enterprise,99,2025-06-03,No,
U04729,Enterprise,99,2025-02-12,Yes,2025-04-13
U04733,Basic,19,2025-03-29,No,
U04734,Enterprise,99,2025-05-14,No,
U04740,Enterprise,99,2025-03-20,Yes,2025-04-04
U04741,Enterprise,99,2025-05-17,Yes,2025-06-27
U04744,Enterprise,99,2025-01-08,No,
U04750,Basic,19,2025-02-06,No,
U04753,Enterprise,99,2025-03-19,No,
U04755,Pro,49,2025-06-15,Yes,2025-08-14
U04756,Pro,49,2025-05-13,No,
U04758,Pro,49,2025-07-04,No,
U04760,Basic,19,2025-01-06,No,
U04762,Enterprise,99,2025-01-13,No,
U04763,Basic,19,2025-05-24,Yes,2025-07-18
U04766,Enterprise,99,2025-05-19,No,
U04767,Pro,49,2025-05-22,No,
U04769,Pro,49,2025-02-19,No,
U04774,Pro,49,2025-04-26,Yes,2025-06-01
U04776,Pro,49,2025-02-18,Yes,2025-04-28
U04787,Enterprise,99,2025-04-22,Yes,2025-05-30
U04788,Basic,19,2025-06-20,Yes,2025-09-11
U04792,Enterprise,99,2025-03-19,No,
U04798,Enterprise,99,2025-03-08,No,
U04800,Basic,19,2025-03-16,Yes,2025-04-03
U04803,Basic,19,2025-01-31,No,
U04805,Enterprise,99,2025-05-14,No,
U04808,Enterprise,99,2025-01-17,Yes,2025-04-02
U04810,Enterprise,99,2025-07-04,Yes,2025-08-13
U04812,Basic,19,2025-05-30,Yes,2025-06-24
U04815,Enterprise,99,2025-06-26,Yes,2025-07-27
U04816,Basic,19,2025-03-13,No,
U04817,Basic,19,2025-03-11,Yes,2025-04-01
U04818,Pro,49,2025-04-01,No,
U04819,Pro,49,2025-05-14,No,
U04827,Basic,19,2025-03-05,Yes,2025-05-10
U04831,Enterprise,99,2025-03-26,No,
U04832,Enterprise,99,2025-06-19,No,
U04833,Enterprise,99,2025-06-05,No,
U04841,Pro,49,2025-06-12,Yes,2025-09-07
U04842,Basic,19,2025-03-15,No,
U04847,Pro,49,2025-05-03,Yes,2025-06-24
U04849,Basic,19,2025-01-16,Yes,2025-03-05
U04851,Enterprise,99,2025-06-29,No,
U04853,Enterprise,99,2025-03-13,Yes,2025-05-04
U04855,Pro,49,2025-04-26,Yes,2025-06-26
U04858,Enterprise,99,2025-03-13,No,
U04859,Pro,49,2025-03-10,Yes,2025-04-21
U04860,Pro,49,2025-04-10,Yes,2025-05-17
U04861,Basic,19,2025-05-23,No,
U04862,Basic,19,2025-02-15,No,
U04866,Pro,49,2025-02-06,Yes,2025-05-05
U04870,Pro,49,2025-06-30,No,
U04876,Basic,19,2025-06-11,No,
U04877,Basic,19,2025-02-03,Yes,2025-03-08
U04878,Basic,19,2025-02-28,No,
U04880,Pro,49,2025-04-22,Yes,2025-07-17
U04883,Enterprise,99,2025-06-29,Yes,2025-08-24
U04886,Basic,19,2025-05-25,Yes,2025-06-26
U04888,Enterprise,99,2025-07-01,No,
U04890,Pro,49,2025-01-24,Yes,2025-03-02
U04893,Enterprise,99,2025-02-03,Yes,2025-03-23
U04900,Enterprise,99,2025-04-08,No,
U04905,Pro,49,2025-05-15,Yes,2025-08-03
U04907,Pro,49,2025-02-02,No,
U04909,Basic,19,2025-01-17,No,
U04911,Enterprise,99,2025-04-01,No,
U04916,Enterprise,99,2025-01-12,No,
U04919,Enterprise,99,2025-04-24,Yes,2025-05-15
U04921,Pro,49,2025-02-15,No,
U04922,Basic,19,2025-05-13,Yes,2025-07-11
U04924,Pro,49,2025-05-05,Yes,2025-06-22
U04929,Basic,19,2025-03-20,No,
U04930,Enterprise,99,2025-03-03,Yes,2025-04-27
U04933,Enterprise,99,2025-06-10,Yes,2025-08-03
U04937,Pro,49,2025-05-14,Yes,2025-06-14
U04939,Basic,19,2025-02-27,Yes,2025-05-14
U04940,Pro,49,2025-02-28,No,
U04943,Enterprise,99,2025-03-04,No,
U04945,Enterprise,99,2025-05-22,Yes,2025-06-11
U04946,Enterprise,99,2025-06-12,No,
U04947,Enterprise,99,2025-05-19,Yes,2025-06-04
U04948,Pro,49,2025-07-06,No,
U04949,Pro,49,2025-06-01,Yes,2025-07-21
U04950,Pro,49,2025-03-12,No,
U04954,Enterprise,99,2025-05-26,No,
U04956,Pro,49,2025-04-20,No,
U04958,Enterprise,99,2025-01-21,Yes,2025-04-20
U04960,Enterprise,99,2025-03-24,No,
U04964,Basic,19,2025-01-16,No,
U04967,Enterprise,99,2025-01-08,No,
U04968,Pro,49,2025-02-26,Yes,2025-05-06
U04969,Enterprise,99,2025-06-04,No,
U04972,Basic,19,2025-05-22,No,
U04974,Enterprise,99,2025-02-14,Yes,2025-03-04
U04981,Pro,49,2025-05-09,No,
U04983,Basic,19,2025-07-04,No,
U04984,Enterprise,99,2025-07-04,Yes,2025-08-28
U04987,Basic,19,2025-01-25,Yes,2025-03-21
U04988,Basic,19,2025-02-26,Yes,2025-04-14
U04989,Pro,49,2025-04-11,Yes,2025-06-11
U04990,Pro,49,2025-06-07,No,
U04991,Basic,19,2025-04-29,No,
U04994,Basic,19,2025-03-24,Yes,2025-06-21
U04996,Enterprise,99,2025-06-10,Yes,2025-07-22
U04999,Pro,49,2025-01-15,Yes,2025-04-11
